LC27,A3,Single cell,#660,,,,,,PBS,CTV+,CelSeq2 PAFS,RT1-99,GGTCTATG,RPI 4,TGACCA,CGATTGAGGCCGGTAATACGACTCACTATAGGGGTTCAGAGTTCTACAGTCCGACGATCNNNNNNGGTCTATGTTTTTTTTTTTTTTTTTTTTTTTTV,1801,895,891,995,850,1453,677,449,2886,2252
LC27,A6,Single cell,#660,,,,,,PBS,CTV+,CelSeq2 PAFS,RT1-102,GACTGTAC,RPI 4,TGACCA,CGATTGAGGCCGGTAATACGACTCACTATAGGGGTTCAGAGTTCTACAGTCCGACGATCNNNNNNGACTGTACTTTTTTTTTTTTTTTTTTTTTTTTV,2114,532,1098,995,882,909,0,1191,1731,1684
LC27,A7,Single cell,#660,,,,,,PBS,CTV+,CelSeq2 PAFS,RT1-103,TCCAGTAG,RPI 4,TGACCA,CGATTGAGGCCGGTAATACGACTCACTATAGGGGTTCAGAGTTCTACAGTCCGACGATCNNNNNNTCCAGTAGTTTTTTTTTTTTTTTTTTTTTTTTV,2797,993,1718,1216,888,2589,1780,748,2664,2089
LC27,A9,Single cell,#660,,,,,,PBS,CTV+,CelSeq2 PAFS,RT1-105,GATGCGTT,RPI 4,TGACCA,CGATTGAGGCCGGTAATACGACTCACTATAGGGGTTCAGAGTTCTACAGTCCGACGATCNNNNNNGATGCGTTTTTTTTTTTTTTTTTTTTTTTTTTV,2820,721,1182,1216,1251,2493,1721,786,2051,1832
LC27,A11,Single cell,#660,,,,,,PBS,CTV+,CelSeq2 PAFS,RT1-107,CAAGCCAT,RPI 4,TGACCA,CGATTGAGGCCGGTAATACGACTCACTATAGGGGTTCAGAGTTCTACAGTCCGACGATCNNNNNNCAAGCCATTTTTTTTTTTTTTTTTTTTTTTTTV,2170,548,898,1288,933,1355,850,965,1759,1668
LC27,A13,Single cell,#661,,,,,,PBS,CTV+,CelSeq2 PAFS,RT1-109,CTGCGTAA,RPI 4,TGACCA,CGATTGAGGCCGGTAATACGACTCACTATAGGGGTTCAGAGTTCTACAGTCCGACGATCNNNNNNCTGCGTAATTTTTTTTTTTTTTTTTTTTTTTTV,1403,361,598,847,503,959,1397,549,2373,2456
LC27,A14,Single cell,#661,,,,,,PBS,CTV+,CelSeq2 PAFS,RT1-110,GTCCAACA,RPI 4,TGACCA,CGATTGAGGCCGGTAATACGACTCACTATAGGGGTTCAGAGTTCTACAGTCCGACGATCNNNNNNGTCCAACATTTTTTTTTTTTTTTTTTTTTTTTV,2574,392,604,1363,742,1293,471,907,2948,2538
LC27,A15,Single cell,#661,,,,,,PBS,CTV+,CelSeq2 PAFS,RT1-111,ACTTGTGG,RPI 4,TGACCA,CGATTGAGGCCGGTAATACGACTCACTATAGGGGTTCAGAGTTCTACAGTCCGACGATCNNNNNNACTTGTGGTTTTTTTTTTTTTTTTTTTTTTTTV,2095,501,808,1324,1116,1786,121,1034,2170,2161
LC27,A17,Single cell,#661,,,,,,PBS,CTV+,CelSeq2 PAFS,RT1-113,GCATTAGC,RPI 4,TGACCA,CGATTGAGGCCGGTAATACGACTCACTATAGGGGTTCAGAGTTCTACAGTCCGACGATCNNNNNNGCATTAGCTTTTTTTTTTTTTTTTTTTTTTTTV,2102,547,522,412,510,1331,1286,687,2492,2563
LC27,A18,Single cell,#661,,,,,,PBS,CTV+,CelSeq2 PAFS,RT1-114,CCTATGAG,RPI 4,TGACCA,CGATTGAGGCCGGTAATACGACTCACTATAGGGGTTCAGAGTTCTACAGTCCGACGATCNNNNNNCCTATGAGTTTTTTTTTTTTTTTTTTTTTTTTV,2516,194,736,1044,841,2511,2524,962,2013,2030
LC27,A19,Single cell,#661,,,,,,PBS,CTV+,CelSeq2 PAFS,RT1-115,CAACGCTA,RPI 4,TGACCA,CGATTGAGGCCGGTAATACGACTCACTATAGGGGTTCAGAGTTCTACAGTCCGACGATCNNNNNNCAACGCTATTTTTTTTTTTTTTTTTTTTTTTTV,2043,780,621,1122,914,986,722,1846,1892,2301
LC27,A20,Single cell,#661,,,,,,PBS,CTV+,CelSeq2 PAFS,RT1-116,GCATAGTC,RPI 4,TGACCA,CGATTGAGGCCGGTAATACGACTCACTATAGGGGTTCAGAGTTCTACAGTCCGACGATCNNNNNNGCATAGTCTTTTTTTTTTTTTTTTTTTTTTTTV,2504,1381,571,620,1000,1197,1250,667,2021,2244
LC27,A22,Single cell,#661,,,,,,PBS,CTV+,CelSeq2 PAFS,RT1-118,ACTCAAGC,RPI 4,TGACCA,CGATTGAGGCCGGTAATACGACTCACTATAGGGGTTCAGAGTTCTACAGTCCGACGATCNNNNNNACTCAAGCTTTTTTTTTTTTTTTTTTTTTTTTV,2970,1365,986,1564,1330,2730,1607,903,2458,2523
,A23,HPR - empty,,,,,,,,,,No primer,,,,HPR control,,,,,,,,,,
,A24,HPR - empty,,,,,,,,,,No primer,,,,HPR control,,,,,,,,,,
LC27,B1,Single cell,#660,,,,,,PBS,CTV+,CelSeq2 PAFS,RT1-121,GACTACTG,RPI 4,TGACCA,CGATTGAGGCCGGTAATACGACTCACTATAGGGGTTCAGAGTTCTACAGTCCGACGATCNNNNNNGACTACTGTTTTTTTTTTTTTTTTTTTTTTTTV,1652,301,1045,432,950,762,891,1055,2868,2277
LC27,B2,Single cell,#660,,,,,,PBS,CTV+,CelSeq2 PAFS,RT1-122,AGTCTTGG,RPI 4,TGACCA,CGATTGAGGCCGGTAATACGACTCACTATAGGGGTTCAGAGTTCTACAGTCCGACGATCNNNNNNAGTCTTGGTTTTTTTTTTTTTTTTTTTTTTTTV,1661,439,670,1294,522,654,1245,562,2607,2113
LC27,B4,Single cell,#660,,,,,,PBS,CTV+,CelSeq2 PAFS,RT1-124,TCACAGAC,RPI 4,TGACCA,CGATTGAGGCCGGTAATACGACTCACTATAGGGGTTCAGAGTTCTACAGTCCGACGATCNNNNNNTCACAGACTTTTTTTTTTTTTTTTTTTTTTTTV,1769,378,972,538,768,1622,0,572,2383,1627
LC27,B5,Single cell,#660,,,,,,PBS,CTV+,CelSeq2 PAFS,RT1-125,CCTGTAAG,RPI 4,TGACCA,CGATTGAGGCCGGTAATACGACTCACTATAGGGGTTCAGAGTTCTACAGTCCGACGATCNNNNNNCCTGTAAGTTTTTTTTTTTTTTTTTTTTTTTTV,2243,470,778,1027,986,1031,827,864,1883,1581
LC27,B8,Single cell,#660,,,,,,PBS,CTV+,CelSeq2 PAFS,RT1-128,CGTGTCAA,RPI 4,TGACCA,CGATTGAGGCCGGTAATACGACTCACTATAGGGGTTCAGAGTTCTACAGTCCGACGATCNNNNNNCGTGTCAATTTTTTTTTTTTTTTTTTTTTTTTV,2874,433,1333,1336,434,2729,2285,792,2223,1625
LC27,B10,Single cell,#660,,,,,,PBS,CTV+,CelSeq2 PAFS,RT1-130,GCACGTAT,RPI 4,TGACCA,CGATTGAGGCCGGTAATACGACTCACTATAGGGGTTCAGAGTTCTACAGTCCGACGATCNNNNNNGCACGTATTTTTTTTTTTTTTTTTTTTTTTTTV,1323,500,850,922,543,786,0,753,1927,1164
LC27,B11,Single cell,#660,,,,,,PBS,CTV+,CelSeq2 PAFS,RT1-131,CAACGTAC,RPI 4,TGACCA,CGATTGAGGCCGGTAATACGACTCACTATAGGGGTTCAGAGTTCTACAGTCCGACGATCNNNNNNCAACGTACTTTTTTTTTTTTTTTTTTTTTTTTV,1896,242,907,1581,651,2101,1173,1238,2788,2102
LC27,B12,Single cell,#660,,,,,,PBS,CTV+,CelSeq2 PAFS,RT1-132,GCGTACAT,RPI 4,TGACCA,CGATTGAGGCCGGTAATACGACTCACTATAGGGGTTCAGAGTTCTACAGTCCGACGATCNNNNNNGCGTACATTTTTTTTTTTTTTTTTTTTTTTTTV,1653,642,803,733,765,812,513,741,2649,2140
LC27,B13,Single cell,#661,,,,,,PBS,CTV+,CelSeq2 PAFS,RT1-133,TATCCAGG,RPI 4,TGACCA,CGATTGAGGCCGGTAATACGACTCACTATAGGGGTTCAGAGTTCTACAGTCCGACGATCNNNNNNTATCCAGGTTTTTTTTTTTTTTTTTTTTTTTTV,2827,1201,1197,1433,1105,2327,1806,882,2267,2289
LC27,B14,Single cell,#661,,,,,,PBS,CTV+,CelSeq2 PAFS,RT1-134,CCGATATG,RPI 4,TGACCA,CGATTGAGGCCGGTAATACGACTCACTATAGGGGTTCAGAGTTCTACAGTCCGACGATCNNNNNNCCGATATGTTTTTTTTTTTTTTTTTTTTTTTTV,2224,714,166,774,462,928,1247,1319,2161,2802
LC27,B15,Single cell,#661,,,,,,PBS,CTV+,CelSeq2 PAFS,RT1-135,GTGTTAGC,RPI 4,TGACCA,CGATTGAGGCCGGTAATACGACTCACTATAGGGGTTCAGAGTTCTACAGTCCGACGATCNNNNNNGTGTTAGCTTTTTTTTTTTTTTTTTTTTTTTTV,2158,1054,856,657,999,604,1125,1624,1881,2262
LC27,B16,Single cell,#661,,,,,,PBS,CTV+,CelSeq2 PAFS,RT1-136,GTGGTTGT,RPI 4,TGACCA,CGATTGAGGCCGGTAATACGACTCACTATAGGGGTTCAGAGTTCTACAGTCCGACGATCNNNNNNGTGGTTGTTTTTTTTTTTTTTTTTTTTTTTTTV,1950,1004,422,1143,654,1100,0,1003,2770,2629
LC27,B18,Single cell,#661,,,,,,PBS,CTV+,CelSeq2 PAFS,RT1-138,CCTGGATA,RPI 4,TGACCA,CGATTGAGGCCGGTAATACGACTCACTATAGGGGTTCAGAGTTCTACAGTCCGACGATCNNNNNNCCTGGATATTTTTTTTTTTTTTTTTTTTTTTTV,2978,1696,879,1686,1278,2546,0,473,2477,2406
LC27,B20,Single cell,#661,,,,,,PBS,CTV+,CelSeq2 PAFS,RT1-140,ATGCTGAC,RPI 4,TGACCA,CGATTGAGGCCGGTAATACGACTCACTATAGGGGTTCAGAGTTCTACAGTCCGACGATCNNNNNNATGCTGACTTTTTTTTTTTTTTTTTTTTTTTTV,1548,935,461,1273,733,1543,734,1014,2723,2526
LC27,B23,Single cell,#661,,,,,,PBS,CTV+,CelSeq2 PAFS,RT1-143,GTGATTCG,RPI 4,TGACCA,CGATTGAGGCCGGTAATACGACTCACTATAGGGGTTCAGAGTTCTACAGTCCGACGATCNNNNNNGTGATTCGTTTTTTTTTTTTTTTTTTTTTTTTV,2612,576,1074,1259,956,2668,1536,787,1811,2371
LC27,B24,Single cell,#661,,,,,,PBS,CTV+,CelSeq2 PAFS,RT1-144,CGCATGTA,RPI 4,TGACCA,CGATTGAGGCCGGTAATACGACTCACTATAGGGGTTCAGAGTTCTACAGTCCGACGATCNNNNNNCGCATGTATTTTTTTTTTTTTTTTTTTTTTTTV,1309,646,396,1267,350,600,848,992,2586,2579
LC27,C1,Single cell,#660,,,,,,PBS,CTV+,CelSeq2 PAFS,RT1-145,AGTGTGCT,RPI 4,TGACCA,CGATTGAGGCCGGTAATACGACTCACTATAGGGGTTCAGAGTTCTACAGTCCGACGATCNNNNNNAGTGTGCTTTTTTTTTTTTTTTTTTTTTTTTTV,1762,314,787,1158,340,590,1317,682,2508,2163
LC27,C2,Single cell,#660,,,,,,PBS,CTV+,CelSeq2 PAFS,RT1-146,TGTCGCAA,RPI 4,TGACCA,CGATTGAGGCCGGTAATACGACTCACTATAGGGGTTCAGAGTTCTACAGTCCGACGATCNNNNNNTGTCGCAATTTTTTTTTTTTTTTTTTTTTTTTV,2180,830,1129,1713,737,2467,1516,942,2768,2201
LC27,C4,Single cell,#660,,,,,,PBS,CTV+,CelSeq2 PAFS,RT1-148,CTATCGGA,RPI 4,TGACCA,CGATTGAGGCCGGTAATACGACTCACTATAGGGGTTCAGAGTTCTACAGTCCGACGATCNNNNNNCTATCGGATTTTTTTTTTTTTTTTTTTTTTTTV,2901,1291,819,1677,751,2676,1010,834,2465,2069
LC27,C5,Single cell,#660,,,,,,PBS,CTV+,CelSeq2 PAFS,RT1-149,ACGCGTTA,RPI 4,TGACCA,CGATTGAGGCCGGTAATACGACTCACTATAGGGGTTCAGAGTTCTACAGTCCGACGATCNNNNNNACGCGTTATTTTTTTTTTTTTTTTTTTTTTTTV,3125,1369,999,1311,760,2420,1660,529,2265,2050
LC27,C6,Single cell,#660,,,,,,PBS,CTV+,CelSeq2 PAFS,RT1-150,TACGCTGA,RPI 4,TGACCA,CGATTGAGGCCGGTAATACGACTCACTATAGGGGTTCAGAGTTCTACAGTCCGACGATCNNNNNNTACGCTGATTTTTTTTTTTTTTTTTTTTTTTTV,2118,350,993,847,774,994,1317,1117,2122,1611
LC27,C7,Single cell,#660,,,,,,PBS,CTV+,CelSeq2 PAFS,RT1-151,ACTACACG,RPI 4,TGACCA,CGATTGAGGCCGGTAATACGACTCACTATAGGGGTTCAGAGTTCTACAGTCCGACGATCNNNNNNACTACACGTTTTTTTTTTTTTTTTTTTTTTTTV,2562,785,910,1266,829,2716,0,688,2086,1744
LC27,C9,Single cell,#660,,,,,,PBS,CTV+,CelSeq2 PAFS,RT1-153,CATCAAGC,RPI 4,TGACCA,CGATTGAGGCCGGTAATACGACTCACTATAGGGGTTCAGAGTTCTACAGTCCGACGATCNNNNNNCATCAAGCTTTTTTTTTTTTTTTTTTTTTTTTV,1714,321,615,433,598,568,430,576,1891,2447
LC27,C11,Single cell,#660,,,,,,PBS,CTV+,CelSeq2 PAFS,RT1-155,TCAGTGCA,RPI 4,TGACCA,CGATTGAGGCCGGTAATACGACTCACTATAGGGGTTCAGAGTTCTACAGTCCGACGATCNNNNNNTCAGTGCATTTTTTTTTTTTTTTTTTTTTTTTV,2758,655,1164,1509,965,2661,1618,844,2496,1981
LC27,C13,Single cell,#661,,,,,,PBS,CTV+,CelSeq2 PAFS,RT1-157,TGCGTAGT,RPI 4,TGACCA,CGATTGAGGCCGGTAATACGACTCACTATAGGGGTTCAGAGTTCTACAGTCCGACGATCNNNNNNTGCGTAGTTTTTTTTTTTTTTTTTTTTTTTTTV,1751,848,483,797,639,1081,0,378,2870,2535
LC27,C14,Single cell,#661,,,,,,PBS,CTV+,CelSeq2 PAFS,RT1-158,GCTAGTGT,RPI 4,TGACCA,CGATTGAGGCCGGTAATACGACTCACTATAGGGGTTCAGAGTTCTACAGTCCGACGATCNNNNNNGCTAGTGTTTTTTTTTTTTTTTTTTTTTTTTTV,2217,460,785,1328,1123,1725,0,922,1916,2133
LC27,C15,Single cell,#661,,,,,,PBS,CTV+,CelSeq2 PAFS,RT1-159,CTCACGAA,RPI 4,TGACCA,CGATTGAGGCCGGTAATACGACTCACTATAGGGGTTCAGAGTTCTACAGTCCGACGATCNNNNNNCTCACGAATTTTTTTTTTTTTTTTTTTTTTTTV,2204,207,483,574,601,783,1304,251,2316,2791
LC27,C17,Single cell,#661,,,,,,PBS,CTV+,CelSeq2 PAFS,RT1-161,CACGGTAT,RPI 4,TGACCA,CGATTGAGGCCGGTAATACGACTCACTATAGGGGTTCAGAGTTCTACAGTCCGACGATCNNNNNNCACGGTATTTTTTTTTTTTTTTTTTTTTTTTTV,2957,929,676,596,1362,1737,497,826,1584,2049
LC27,C18,Single cell,#661,,,,,,PBS,CTV+,CelSeq2 PAFS,RT1-162,GGCACTTA,RPI 4,TGACCA,CGATTGAGGCCGGTAATACGACTCACTATAGGGGTTCAGAGTTCTACAGTCCGACGATCNNNNNNGGCACTTATTTTTTTTTTTTTTTTTTTTTTTTV,1743,398,555,851,644,923,0,917,2436,2553
LC27,C19,Single cell,#661,,,,,,PBS,CTV+,CelSeq2 PAFS,RT1-163,TGCACGTA,RPI 4,TGACCA,CGATTGAGGCCGGTAATACGACTCACTATAGGGGTTCAGAGTTCTACAGTCCGACGATCNNNNNNTGCACGTATTTTTTTTTTTTTTTTTTTTTTTTV,1709,1053,433,846,691,1120,1117,824,2843,2628
LC27,C21,Single cell,#661,,,,,,PBS,CTV+,CelSeq2 PAFS,RT1-165,TGACTCAG,RPI 4,TGACCA,CGATTGAGGCCGGTAATACGACTCACTATAGGGGTTCAGAGTTCTACAGTCCGACGATCNNNNNNTGACTCAGTTTTTTTTTTTTTTTTTTTTTTTTV,2064,212,1004,1222,1134,2034,573,869,2145,1897
LC27,C22,Single cell,#661,,,,,,PBS,CTV+,CelSeq2 PAFS,RT1-166,GACCATCA,RPI 4,TGACCA,CGATTGAGGCCGGTAATACGACTCACTATAGGGGTTCAGAGTTCTACAGTCCGACGATCNNNNNNGACCATCATTTTTTTTTTTTTTTTTTTTTTTTV,1940,476,547,1218,765,686,1096,797,2353,2324
LC27,C23,Single cell,#661,,,,,,PBS,CTV+,CelSeq2 PAFS,RT1-167,TCCTCTTC,RPI 4,TGACCA,CGATTGAGGCCGGTAATACGACTCACTATAGGGGTTCAGAGTTCTACAGTCCGACGATCNNNNNNTCCTCTTCTTTTTTTTTTTTTTTTTTTTTTTTV,2835,575,1345,1449,671,2722,2159,1133,2306,2245
LC27,C24,Single cell,#661,,,,,,PBS,CTV+,CelSeq2 PAFS,RT1-168,ACTGTGAC,RPI 4,TGACCA,CGATTGAGGCCGGTAATACGACTCACTATAGGGGTTCAGAGTTCTACAGTCCGACGATCNNNNNNACTGTGACTTTTTTTTTTTTTTTTTTTTTTTTV,2841,878,995,1335,528,2793,1406,1323,2130,2212
LC27,D1,Single cell,#660,,,,,,PBS,CTV+,CelSeq2 PAFS,RT1-169,ACAACGTC,RPI 4,TGACCA,CGATTGAGGCCGGTAATACGACTCACTATAGGGGTTCAGAGTTCTACAGTCCGACGATCNNNNNNACAACGTCTTTTTTTTTTTTTTTTTTTTTTTTV,1940,576,709,1127,639,825,812,405,2448,2058
LC27,D2,Single cell,#660,,,,,,PBS,CTV+,CelSeq2 PAFS,RT1-170,CCATCAAG,RPI 4,TGACCA,CGATTGAGGCCGGTAATACGACTCACTATAGGGGTTCAGAGTTCTACAGTCCGACGATCNNNNNNCCATCAAGTTTTTTTTTTTTTTTTTTTTTTTTV,1824,307,625,1363,481,1123,0,621,2441,1887
LC27,D5,Single cell,#660,,,,,,PBS,CTV+,CelSeq2 PAFS,RT1-173,GCTAAGCT,RPI 4,TGACCA,CGATTGAGGCCGGTAATACGACTCACTATAGGGGTTCAGAGTTCTACAGTCCGACGATCNNNNNNGCTAAGCTTTTTTTTTTTTTTTTTTTTTTTTTV,2891,964,1092,1338,909,2596,2027,624,2351,1867
LC27,D8,Single cell,#660,,,,,,PBS,CTV+,CelSeq2 PAFS,RT1-176,GACTACCA,RPI 4,TGACCA,CGATTGAGGCCGGTAATACGACTCACTATAGGGGTTCAGAGTTCTACAGTCCGACGATCNNNNNNGACTACCATTTTTTTTTTTTTTTTTTTTTTTTV,2557,561,1203,1718,474,2335,1253,602,2075,1523
LC27,D9,Single cell,#660,,,,,,PBS,CTV+,CelSeq2 PAFS,RT1-177,CAGTGCTA,RPI 4,TGACCA,CGATTGAGGCCGGTAATACGACTCACTATAGGGGTTCAGAGTTCTACAGTCCGACGATCNNNNNNCAGTGCTATTTTTTTTTTTTTTTTTTTTTTTTV,2138,465,769,750,485,2248,1622,1034,2734,2195
LC27,D10,Single cell,#660,,,,,,PBS,CTV+,CelSeq2 PAFS,RT1-178,CGTGAATC,RPI 4,TGACCA,CGATTGAGGCCGGTAATACGACTCACTATAGGGGTTCAGAGTTCTACAGTCCGACGATCNNNNNNCGTGAATCTTTTTTTTTTTTTTTTTTTTTTTTV,1544,241,830,1037,828,1156,0,784,2572,2107
LC27,D12,Single cell,#660,,,,,,PBS,CTV+,CelSeq2 PAFS,RT1-180,CACTAGCA,RPI 4,TGACCA,CGATTGAGGCCGGTAATACGACTCACTATAGGGGTTCAGAGTTCTACAGTCCGACGATCNNNNNNCACTAGCATTTTTTTTTTTTTTTTTTTTTTTTV,1790,992,581,688,530,1372,288,636,2735,2331
LC27,D14,Single cell,#661,,,,,,PBS,CTV+,CelSeq2 PAFS,RT1-182,GTGCGTTA,RPI 4,TGACCA,CGATTGAGGCCGGTAATACGACTCACTATAGGGGTTCAGAGTTCTACAGTCCGACGATCNNNNNNGTGCGTTATTTTTTTTTTTTTTTTTTTTTTTTV,2610,1335,681,1371,1330,1945,1330,536,2186,2022
LC27,D15,Single cell,#661,,,,,,PBS,CTV+,CelSeq2 PAFS,RT1-183,GGATGCTT,RPI 4,TGACCA,CGATTGAGGCCGGTAATACGACTCACTATAGGGGTTCAGAGTTCTACAGTCCGACGATCNNNNNNGGATGCTTTTTTTTTTTTTTTTTTTTTTTTTTV,1752,760,223,944,678,1778,0,653,2998,2687
LC27,D16,Single cell,#661,,,,,,PBS,CTV+,CelSeq2 PAFS,RT1-184,TCAGGTGT,RPI 4,TGACCA,CGATTGAGGCCGGTAATACGACTCACTATAGGGGTTCAGAGTTCTACAGTCCGACGATCNNNNNNTCAGGTGTTTTTTTTTTTTTTTTTTTTTTTTTV,1589,534,256,1377,843,1122,1352,1070,2708,2645
LC27,D17,Single cell,#661,,,,,,PBS,CTV+,CelSeq2 PAFS,RT1-185,TAGCTCAG,RPI 4,TGACCA,CGATTGAGGCCGGTAATACGACTCACTATAGGGGTTCAGAGTTCTACAGTCCGACGATCNNNNNNTAGCTCAGTTTTTTTTTTTTTTTTTTTTTTTTV,1380,202,369,924,735,943,1224,900,2691,2656
LC27,D18,Single cell,#661,,,,,,PBS,CTV+,CelSeq2 PAFS,RT1-186,TAGCGATC,RPI 4,TGACCA,CGATTGAGGCCGGTAATACGACTCACTATAGGGGTTCAGAGTTCTACAGTCCGACGATCNNNNNNTAGCGATCTTTTTTTTTTTTTTTTTTTTTTTTV,2716,435,826,1698,569,2728,2064,712,2353,2360
LC27,D19,Single cell,#661,,,,,,PBS,CTV+,CelSeq2 PAFS,RT1-187,CCTAGTAG,RPI 4,TGACCA,CGATTGAGGCCGGTAATACGACTCACTATAGGGGTTCAGAGTTCTACAGTCCGACGATCNNNNNNCCTAGTAGTTTTTTTTTTTTTTTTTTTTTTTTV,1984,387,539,525,460,1305,1321,445,2514,2617
LC27,D20,Single cell,#661,,,,,,PBS,CTV+,CelSeq2 PAFS,RT1-188,CAGCTTAG,RPI 4,TGACCA,CGATTGAGGCCGGTAATACGACTCACTATAGGGGTTCAGAGTTCTACAGTCCGACGATCNNNNNNCAGCTTAGTTTTTTTTTTTTTTTTTTTTTTTTV,2363,676,656,853,920,721,434,1313,2293,2419
LC27,D21,Single cell,#661,,,,,,PBS,CTV+,CelSeq2 PAFS,RT1-189,AGGTTCCA,RPI 4,TGACCA,CGATTGAGGCCGGTAATACGACTCACTATAGGGGTTCAGAGTTCTACAGTCCGACGATCNNNNNNAGGTTCCATTTTTTTTTTTTTTTTTTTTTTTTV,2328,2078,491,1077,1282,1608,518,1015,2796,2691
LC27,D23,Single cell,#661,,,,,,PBS,CTV+,CelSeq2 PAFS,RT1-191,ACCAATCG,RPI 4,TGACCA,CGATTGAGGCCGGTAATACGACTCACTATAGGGGTTCAGAGTTCTACAGTCCGACGATCNNNNNNACCAATCGTTTTTTTTTTTTTTTTTTTTTTTTV,1949,588,743,1443,807,1489,165,474,2103,2190
LC27,D24,Single cell,#661,,,,,,PBS,CTV+,CelSeq2 PAFS,RT1-192,GAAGGAAG,RPI 4,TGACCA,CGATTGAGGCCGGTAATACGACTCACTATAGGGGTTCAGAGTTCTACAGTCCGACGATCNNNNNNGAAGGAAGTTTTTTTTTTTTTTTTTTTTTTTTV,2359,6,882,1739,913,2535,1584,795,2777,2555
LC27,E1,Single cell,#660,,,,,,PBS,CTV+,CelSeq2 PAFS,RT1-193,TGGTCGAT,RPI 4,TGACCA,CGATTGAGGCCGGTAATACGACTCACTATAGGGGTTCAGAGTTCTACAGTCCGACGATCNNNNNNTGGTCGATTTTTTTTTTTTTTTTTTTTTTTTTV,2736,669,986,1107,1033,1958,1381,607,1683,1716
LC27,E2,Single cell,#660,,,,,,PBS,CTV+,CelSeq2 PAFS,RT1-194,TGCGACTA,RPI 4,TGACCA,CGATTGAGGCCGGTAATACGACTCACTATAGGGGTTCAGAGTTCTACAGTCCGACGATCNNNNNNTGCGACTATTTTTTTTTTTTTTTTTTTTTTTTV,1920,376,819,959,667,920,252,872,2108,1712
LC27,E3,Single cell,#660,,,,,,PBS,CTV+,CelSeq2 PAFS,RT1-195,TGACTACG,RPI 4,TGACCA,CGATTGAGGCCGGTAATACGACTCACTATAGGGGTTCAGAGTTCTACAGTCCGACGATCNNNNNNTGACTACGTTTTTTTTTTTTTTTTTTTTTTTTV,2127,1353,813,777,816,604,503,1322,2003,2006
LC27,E4,Single cell,#660,,,,,,PBS,CTV+,CelSeq2 PAFS,RT1-196,GGCATGTT,RPI 4,TGACCA,CGATTGAGGCCGGTAATACGACTCACTATAGGGGTTCAGAGTTCTACAGTCCGACGATCNNNNNNGGCATGTTTTTTTTTTTTTTTTTTTTTTTTTTV,3030,439,516,1127,717,1311,1441,675,3154,2403
LC27,E5,Single cell,#660,,,,,,PBS,CTV+,CelSeq2 PAFS,RT1-197,AATCACGC,RPI 4,TGACCA,CGATTGAGGCCGGTAATACGACTCACTATAGGGGTTCAGAGTTCTACAGTCCGACGATCNNNNNNAATCACGCTTTTTTTTTTTTTTTTTTTTTTTTV,2642,1229,1453,1629,1178,2473,925,683,2375,2059
LC27,E6,Single cell,#660,,,,,,PBS,CTV+,CelSeq2 PAFS,RT1-198,GTACTTGG,RPI 4,TGACCA,CGATTGAGGCCGGTAATACGACTCACTATAGGGGTTCAGAGTTCTACAGTCCGACGATCNNNNNNGTACTTGGTTTTTTTTTTTTTTTTTTTTTTTTV,1343,594,948,973,578,638,630,1004,2574,1857
LC27,E7,Single cell,#660,,,,,,PBS,CTV+,CelSeq2 PAFS,RT1-199,TAGGTGCT,RPI 4,TGACCA,CGATTGAGGCCGGTAATACGACTCACTATAGGGGTTCAGAGTTCTACAGTCCGACGATCNNNNNNTAGGTGCTTTTTTTTTTTTTTTTTTTTTTTTTV,1444,598,858,390,523,449,1666,438,2674,1892
LC27,E8,Single cell,#660,,,,,,PBS,CTV+,CelSeq2 PAFS,RT1-200,AGCTTGCA,RPI 4,TGACCA,CGATTGAGGCCGGTAATACGACTCACTATAGGGGTTCAGAGTTCTACAGTCCGACGATCNNNNNNAGCTTGCATTTTTTTTTTTTTTTTTTTTTTTTV,2864,1058,1498,1357,1014,2697,1227,1198,2414,1954
LC27,E9,Single cell,#660,,,,,,PBS,CTV+,CelSeq2 PAFS,RT1-201,AGTGACTC,RPI 4,TGACCA,CGATTGAGGCCGGTAATACGACTCACTATAGGGGTTCAGAGTTCTACAGTCCGACGATCNNNNNNAGTGACTCTTTTTTTTTTTTTTTTTTTTTTTTV,2901,754,1168,1493,1178,2367,0,621,2287,1884
LC27,E10,Single cell,#660,,,,,,PBS,CTV+,CelSeq2 PAFS,RT1-202,TACGAGTC,RPI 4,TGACCA,CGATTGAGGCCGGTAATACGACTCACTATAGGGGTTCAGAGTTCTACAGTCCGACGATCNNNNNNTACGAGTCTTTTTTTTTTTTTTTTTTTTTTTTV,3075,1645,1000,947,598,2583,2620,800,2381,2002
LC27,E11,Single cell,#660,,,,,,PBS,CTV+,CelSeq2 PAFS,RT1-203,GTGCGTAT,RPI 4,TGACCA,CGATTGAGGCCGGTAATACGACTCACTATAGGGGTTCAGAGTTCTACAGTCCGACGATCNNNNNNGTGCGTATTTTTTTTTTTTTTTTTTTTTTTTTV,2696,352,1096,570,532,1728,0,828,2104,1334
LC27,E12,Single cell,#660,,,,,,PBS,CTV+,CelSeq2 PAFS,RT1-204,CGACACAT,RPI 4,TGACCA,CGATTGAGGCCGGTAATACGACTCACTATAGGGGTTCAGAGTTCTACAGTCCGACGATCNNNNNNCGACACATTTTTTTTTTTTTTTTTTTTTTTTTV,1735,507,842,1061,450,1125,883,659,2471,1855
LC27,E14,Single cell,#661,,,,,,PBS,CTV+,CelSeq2 PAFS,RT1-206,TCACGGTA,RPI 4,TGACCA,CGATTGAGGCCGGTAATACGACTCACTATAGGGGTTCAGAGTTCTACAGTCCGACGATCNNNNNNTCACGGTATTTTTTTTTTTTTTTTTTTTTTTTV,2793,879,723,913,1629,2071,365,735,2103,2280
LC27,E15,Single cell,#661,,,,,,PBS,CTV+,CelSeq2 PAFS,RT1-207,ATGGTGCT,RPI 4,TGACCA,CGATTGAGGCCGGTAATACGACTCACTATAGGGGTTCAGAGTTCTACAGTCCGACGATCNNNNNNATGGTGCTTTTTTTTTTTTTTTTTTTTTTTTTV,1687,877,63,1070,897,1715,614,621,2911,2858
LC27,E16,Single cell,#661,,,,,,PBS,CTV+,CelSeq2 PAFS,RT1-208,GTACTGTG,RPI 4,TGACCA,CGATTGAGGCCGGTAATACGACTCACTATAGGGGTTCAGAGTTCTACAGTCCGACGATCNNNNNNGTACTGTGTTTTTTTTTTTTTTTTTTTTTTTTV,2621,861,936,1488,1102,2658,1100,1155,2508,2400
LC27,E17,Single cell,#661,,,,,,PBS,CTV+,CelSeq2 PAFS,RT1-209,CGATTGTG,RPI 4,TGACCA,CGATTGAGGCCGGTAATACGACTCACTATAGGGGTTCAGAGTTCTACAGTCCGACGATCNNNNNNCGATTGTGTTTTTTTTTTTTTTTTTTTTTTTTV,1395,269,551,919,528,1608,1001,936,2749,2452
LC27,E18,Single cell,#661,,,,,,PBS,CTV+,CelSeq2 PAFS,RT1-210,CACAAGTC,RPI 4,TGACCA,CGATTGAGGCCGGTAATACGACTCACTATAGGGGTTCAGAGTTCTACAGTCCGACGATCNNNNNNCACAAGTCTTTTTTTTTTTTTTTTTTTTTTTTV,2756,739,271,940,1256,1059,994,652,2220,2468
LC27,E24,Single cell,#661,,,,,,PBS,CTV+,CelSeq2 PAFS,RT1-216,ATCCGTAG,RPI 4,TGACCA,CGATTGAGGCCGGTAATACGACTCACTATAGGGGTTCAGAGTTCTACAGTCCGACGATCNNNNNNATCCGTAGTTTTTTTTTTTTTTTTTTTTTTTTV,3128,1489,1258,1335,1311,2540,1359,1203,2396,2388
LC27,F1,Single cell,#660,,,,,,PBS,CTV+,CelSeq2 PAFS,RT1-217,ATTCGCAG,RPI 4,TGACCA,CGATTGAGGCCGGTAATACGACTCACTATAGGGGTTCAGAGTTCTACAGTCCGACGATCNNNNNNATTCGCAGTTTTTTTTTTTTTTTTTTTTTTTTV,1618,507,703,1506,574,870,924,1044,2636,1999
LC27,F3,Single cell,#660,,,,,,PBS,CTV+,CelSeq2 PAFS,RT1-219,AGGAGGAA,RPI 4,TGACCA,CGATTGAGGCCGGTAATACGACTCACTATAGGGGTTCAGAGTTCTACAGTCCGACGATCNNNNNNAGGAGGAATTTTTTTTTTTTTTTTTTTTTTTTV,2144,502,944,1070,745,2280,161,766,2838,2166
LC27,F5,Single cell,#660,,,,,,PBS,CTV+,CelSeq2 PAFS,RT1-221,ATAGGCTC,RPI 4,TGACCA,CGATTGAGGCCGGTAATACGACTCACTATAGGGGTTCAGAGTTCTACAGTCCGACGATCNNNNNNATAGGCTCTTTTTTTTTTTTTTTTTTTTTTTTV,1648,414,908,862,548,866,204,672,2497,2182
LC27,F7,Single cell,#660,,,,,,PBS,CTV+,CelSeq2 PAFS,RT1-223,ACACAGCT,RPI 4,TGACCA,CGATTGAGGCCGGTAATACGACTCACTATAGGGGTTCAGAGTTCTACAGTCCGACGATCNNNNNNACACAGCTTTTTTTTTTTTTTTTTTTTTTTTTV,1693,471,807,965,358,840,878,937,2490,1797
LC27,F9,Single cell,#660,,,,,,PBS,CTV+,CelSeq2 PAFS,RT1-225,ACATGCCA,RPI 4,TGACCA,CGATTGAGGCCGGTAATACGACTCACTATAGGGGTTCAGAGTTCTACAGTCCGACGATCNNNNNNACATGCCATTTTTTTTTTTTTTTTTTTTTTTTV,2696,424,1043,1145,480,2658,2812,615,1734,1982
LC27,F14,Single cell,#661,,,,,,PBS,CTV+,CelSeq2 PAFS,RT1-230,TACAGGCT,RPI 4,TGACCA,CGATTGAGGCCGGTAATACGACTCACTATAGGGGTTCAGAGTTCTACAGTCCGACGATCNNNNNNTACAGGCTTTTTTTTTTTTTTTTTTTTTTTTTV,2617,642,499,528,850,974,1094,1199,2420,2574
LC27,F15,Single cell,#661,,,,,,PBS,CTV+,CelSeq2 PAFS,RT1-231,AGCTTACG,RPI 4,TGACCA,CGATTGAGGCCGGTAATACGACTCACTATAGGGGTTCAGAGTTCTACAGTCCGACGATCNNNNNNAGCTTACGTTTTTTTTTTTTTTTTTTTTTTTTV,2605,532,1082,1457,624,2842,1863,1091,2034,2307
LC27,F16,Single cell,#661,,,,,,PBS,CTV+,CelSeq2 PAFS,RT1-232,GAGTTCCA,RPI 4,TGACCA,CGATTGAGGCCGGTAATACGACTCACTATAGGGGTTCAGAGTTCTACAGTCCGACGATCNNNNNNGAGTTCCATTTTTTTTTTTTTTTTTTTTTTTTV,1939,129,795,1544,663,2073,1419,1053,2584,2423
LC27,F17,Single cell,#661,,,,,,PBS,CTV+,CelSeq2 PAFS,RT1-233,GCTGCATA,RPI 4,TGACCA,CGATTGAGGCCGGTAATACGACTCACTATAGGGGTTCAGAGTTCTACAGTCCGACGATCNNNNNNGCTGCATATTTTTTTTTTTTTTTTTTTTTTTTV,1629,919,548,1255,569,1126,424,701,2589,2560
LC27,F18,Single cell,#661,,,,,,PBS,CTV+,CelSeq2 PAFS,RT1-234,TACCACGA,RPI 4,TGACCA,CGATTGAGGCCGGTAATACGACTCACTATAGGGGTTCAGAGTTCTACAGTCCGACGATCNNNNNNTACCACGATTTTTTTTTTTTTTTTTTTTTTTTV,2418,324,1418,1481,644,2768,2737,712,1946,2195
LC27,F20,Single cell,#661,,,,,,PBS,CTV+,CelSeq2 PAFS,RT1-236,CTGCAACA,RPI 4,TGACCA,CGATTGAGGCCGGTAATACGACTCACTATAGGGGTTCAGAGTTCTACAGTCCGACGATCNNNNNNCTGCAACATTTTTTTTTTTTTTTTTTTTTTTTV,1693,766,420,796,981,1537,1673,1578,2639,2781
LC27,F21,Single cell,#661,,,,,,PBS,CTV+,CelSeq2 PAFS,RT1-237,GTAGACCT,RPI 4,TGACCA,CGATTGAGGCCGGTAATACGACTCACTATAGGGGTTCAGAGTTCTACAGTCCGACGATCNNNNNNGTAGACCTTTTTTTTTTTTTTTTTTTTTTTTTV,1937,434,580,1219,493,719,1364,615,2427,2279
LC27,F24,Single cell,#661,,,,,,PBS,CTV+,CelSeq2 PAFS,RT1-240,GTAGTCCA,RPI 4,TGACCA,CGATTGAGGCCGGTAATACGACTCACTATAGGGGTTCAGAGTTCTACAGTCCGACGATCNNNNNNGTAGTCCATTTTTTTTTTTTTTTTTTTTTTTTV,1659,562,400,1356,555,837,632,589,2786,2533
LC27,G1,Single cell,#660,,,,,,PBS,CTV+,CelSeq2 PAFS,RT1-241,GGCTAATC,RPI 4,TGACCA,CGATTGAGGCCGGTAATACGACTCACTATAGGGGTTCAGAGTTCTACAGTCCGACGATCNNNNNNGGCTAATCTTTTTTTTTTTTTTTTTTTTTTTTV,2683,752,810,967,1292,1780,1475,732,1963,2034
LC27,G2,Single cell,#660,,,,,,PBS,CTV+,CelSeq2 PAFS,RT1-242,CACGAGTT,RPI 4,TGACCA,CGATTGAGGCCGGTAATACGACTCACTATAGGGGTTCAGAGTTCTACAGTCCGACGATCNNNNNNCACGAGTTTTTTTTTTTTTTTTTTTTTTTTTTV,2902,397,535,1330,1486,2054,70,620,1990,1678
LC27,G4,Single cell,#660,,,,,,PBS,CTV+,CelSeq2 PAFS,RT1-244,GATTCGCA,RPI 4,TGACCA,CGATTGAGGCCGGTAATACGACTCACTATAGGGGTTCAGAGTTCTACAGTCCGACGATCNNNNNNGATTCGCATTTTTTTTTTTTTTTTTTTTTTTTV,1642,1211,621,1647,613,1241,418,973,2678,1914
LC27,G5,Single cell,#660,,,,,,PBS,CTV+,CelSeq2 PAFS,RT1-245,ACCGTTAG,RPI 4,TGACCA,CGATTGAGGCCGGTAATACGACTCACTATAGGGGTTCAGAGTTCTACAGTCCGACGATCNNNNNNACCGTTAGTTTTTTTTTTTTTTTTTTTTTTTTV,1687,873,801,1123,606,945,816,668,2518,2108
LC27,G7,Single cell,#660,,,,,,PBS,CTV+,CelSeq2 PAFS,RT1-247,GAATCGTC,RPI 4,TGACCA,CGATTGAGGCCGGTAATACGACTCACTATAGGGGTTCAGAGTTCTACAGTCCGACGATCNNNNNNGAATCGTCTTTTTTTTTTTTTTTTTTTTTTTTV,1363,708,725,846,346,741,749,806,2435,2136
LC27,G9,Single cell,#660,,,,,,PBS,CTV+,CelSeq2 PAFS,RT1-249,GATTCGGT,RPI 4,TGACCA,CGATTGAGGCCGGTAATACGACTCACTATAGGGGTTCAGAGTTCTACAGTCCGACGATCNNNNNNGATTCGGTTTTTTTTTTTTTTTTTTTTTTTTTV,2441,329,764,1276,754,2568,2070,883,1924,1862
LC27,G10,Single cell,#660,,,,,,PBS,CTV+,CelSeq2 PAFS,RT1-250,TGGCATCA,RPI 4,TGACCA,CGATTGAGGCCGGTAATACGACTCACTATAGGGGTTCAGAGTTCTACAGTCCGACGATCNNNNNNTGGCATCATTTTTTTTTTTTTTTTTTTTTTTTV,2449,723,1093,1654,358,2656,925,790,2510,2190
LC27,G11,Single cell,#660,,,,,,PBS,CTV+,CelSeq2 PAFS,RT1-251,GTTGTGAC,RPI 4,TGACCA,CGATTGAGGCCGGTAATACGACTCACTATAGGGGTTCAGAGTTCTACAGTCCGACGATCNNNNNNGTTGTGACTTTTTTTTTTTTTTTTTTTTTTTTV,1542,678,838,945,581,537,553,944,2363,1942
LC27,G14,Single cell,#661,,,,,,PBS,CTV+,CelSeq2 PAFS,RT1-254,TGTCGATG,RPI 4,TGACCA,CGATTGAGGCCGGTAATACGACTCACTATAGGGGTTCAGAGTTCTACAGTCCGACGATCNNNNNNTGTCGATGTTTTTTTTTTTTTTTTTTTTTTTTV,2243,467,827,728,757,783,1334,1063,1701,2122
LC27,G16,Single cell,#661,,,,,,PBS,CTV+,CelSeq2 PAFS,RT1-256,AATCCGCA,RPI 4,TGACCA,CGATTGAGGCCGGTAATACGACTCACTATAGGGGTTCAGAGTTCTACAGTCCGACGATCNNNNNNAATCCGCATTTTTTTTTTTTTTTTTTTTTTTTV,2571,190,1117,1618,565,2598,735,655,2487,2433
LC27,G18,Single cell,#661,,,,,,PBS,CTV+,CelSeq2 PAFS,RT1-258,CGATTCAG,RPI 4,TGACCA,CGATTGAGGCCGGTAATACGACTCACTATAGGGGTTCAGAGTTCTACAGTCCGACGATCNNNNNNCGATTCAGTTTTTTTTTTTTTTTTTTTTTTTTV,1983,698,505,819,538,1595,1510,514,2787,2603
LC27,G19,Single cell,#661,,,,,,PBS,CTV+,CelSeq2 PAFS,RT1-259,GTACGACT,RPI 4,TGACCA,CGATTGAGGCCGGTAATACGACTCACTATAGGGGTTCAGAGTTCTACAGTCCGACGATCNNNNNNGTACGACTTTTTTTTTTTTTTTTTTTTTTTTTV,2354,706,996,819,781,1383,0,590,1975,1210
LC27,G20,Single cell,#661,,,,,,PBS,CTV+,CelSeq2 PAFS,RT1-260,CGACATAC,RPI 4,TGACCA,CGATTGAGGCCGGTAATACGACTCACTATAGGGGTTCAGAGTTCTACAGTCCGACGATCNNNNNNCGACATACTTTTTTTTTTTTTTTTTTTTTTTTV,2427,792,1789,1759,896,2869,1779,978,2537,2538
LC27,G21,Single cell,#661,,,,,,PBS,CTV+,CelSeq2 PAFS,RT1-261,ATAGCGTC,RPI 4,TGACCA,CGATTGAGGCCGGTAATACGACTCACTATAGGGGTTCAGAGTTCTACAGTCCGACGATCNNNNNNATAGCGTCTTTTTTTTTTTTTTTTTTTTTTTTV,2655,609,668,744,892,1284,0,1146,2034,2379
LC27,G22,Single cell,#661,,,,,,PBS,CTV+,CelSeq2 PAFS,RT1-262,AACCAGTC,RPI 4,TGACCA,CGATTGAGGCCGGTAATACGACTCACTATAGGGGTTCAGAGTTCTACAGTCCGACGATCNNNNNNAACCAGTCTTTTTTTTTTTTTTTTTTTTTTTTV,2640,702,742,1279,587,2864,1758,933,2037,2350
LC27,G23,Single cell,#661,,,,,,PBS,CTV+,CelSeq2 PAFS,RT1-263,GGCTTAAC,RPI 4,TGACCA,CGATTGAGGCCGGTAATACGACTCACTATAGGGGTTCAGAGTTCTACAGTCCGACGATCNNNNNNGGCTTAACTTTTTTTTTTTTTTTTTTTTTTTTV,1990,844,795,1164,320,414,788,711,2817,2594
LC27,G24,Single cell,#661,,,,,,PBS,CTV+,CelSeq2 PAFS,RT1-264,ACAGCTAC,RPI 4,TGACCA,CGATTGAGGCCGGTAATACGACTCACTATAGGGGTTCAGAGTTCTACAGTCCGACGATCNNNNNNACAGCTACTTTTTTTTTTTTTTTTTTTTTTTTV,3013,522,794,1315,1021,2415,1755,677,1958,2105
LC27,H2,Single cell,#660,,,,,,PBS,CTV+,CelSeq2 PAFS,RT1-266,GTTGCGAT,RPI 4,TGACCA,CGATTGAGGCCGGTAATACGACTCACTATAGGGGTTCAGAGTTCTACAGTCCGACGATCNNNNNNGTTGCGATTTTTTTTTTTTTTTTTTTTTTTTTV,3051,515,762,998,1280,1970,524,793,1783,1575
LC27,H3,Single cell,#660,,,,,,PBS,CTV+,CelSeq2 PAFS,RT1-267,CGAATCGT,RPI 4,TGACCA,CGATTGAGGCCGGTAATACGACTCACTATAGGGGTTCAGAGTTCTACAGTCCGACGATCNNNNNNCGAATCGTTTTTTTTTTTTTTTTTTTTTTTTTV,1618,499,617,1344,447,695,11,1059,2682,2045
LC27,H4,Single cell,#660,,,,,,PBS,CTV+,CelSeq2 PAFS,RT1-268,GTGCATGT,RPI 4,TGACCA,CGATTGAGGCCGGTAATACGACTCACTATAGGGGTTCAGAGTTCTACAGTCCGACGATCNNNNNNGTGCATGTTTTTTTTTTTTTTTTTTTTTTTTTV,2674,890,1411,1449,988,2541,1765,866,2656,2178
LC27,H5,Single cell,#660,,,,,,PBS,CTV+,CelSeq2 PAFS,RT1-269,AGTTGCTG,RPI 4,TGACCA,CGATTGAGGCCGGTAATACGACTCACTATAGGGGTTCAGAGTTCTACAGTCCGACGATCNNNNNNAGTTGCTGTTTTTTTTTTTTTTTTTTTTTTTTV,2571,521,1161,1472,605,2684,1994,1231,2272,1955
LC27,H6,Single cell,#660,,,,,,PBS,CTV+,CelSeq2 PAFS,RT1-270,GTAACGCT,RPI 4,TGACCA,CGATTGAGGCCGGTAATACGACTCACTATAGGGGTTCAGAGTTCTACAGTCCGACGATCNNNNNNGTAACGCTTTTTTTTTTTTTTTTTTTTTTTTTV,1405,708,890,758,445,682,1404,970,2471,2005
LC27,H7,Single cell,#660,,,,,,PBS,CTV+,CelSeq2 PAFS,RT1-271,CGAACACT,RPI 4,TGACCA,CGATTGAGGCCGGTAATACGACTCACTATAGGGGTTCAGAGTTCTACAGTCCGACGATCNNNNNNCGAACACTTTTTTTTTTTTTTTTTTTTTTTTTV,2017,521,934,624,732,1902,243,710,2735,2236
LC27,H8,Single cell,#660,,,,,,PBS,CTV+,CelSeq2 PAFS,RT1-272,GGAACTCT,RPI 4,TGACCA,CGATTGAGGCCGGTAATACGACTCACTATAGGGGTTCAGAGTTCTACAGTCCGACGATCNNNNNNGGAACTCTTTTTTTTTTTTTTTTTTTTTTTTTV,1462,197,839,536,608,730,656,813,2457,1694
LC27,H9,Single cell,#660,,,,,,PBS,CTV+,CelSeq2 PAFS,RT1-273,AGTCGTAC,RPI 4,TGACCA,CGATTGAGGCCGGTAATACGACTCACTATAGGGGTTCAGAGTTCTACAGTCCGACGATCNNNNNNAGTCGTACTTTTTTTTTTTTTTTTTTTTTTTTV,2894,1074,666,1357,1417,2452,1452,832,2178,1736
LC27,H10,Single cell,#660,,,,,,PBS,CTV+,CelSeq2 PAFS,RT1-274,ACGGTTAC,RPI 4,TGACCA,CGATTGAGGCCGGTAATACGACTCACTATAGGGGTTCAGAGTTCTACAGTCCGACGATCNNNNNNACGGTTACTTTTTTTTTTTTTTTTTTTTTTTTV,1605,423,510,1114,752,912,930,983,2741,2143
LC27,H11,Single cell,#660,,,,,,PBS,CTV+,CelSeq2 PAFS,RT1-275,ATTGGCAC,RPI 4,TGACCA,CGATTGAGGCCGGTAATACGACTCACTATAGGGGTTCAGAGTTCTACAGTCCGACGATCNNNNNNATTGGCACTTTTTTTTTTTTTTTTTTTTTTTTV,1564,586,815,970,541,1199,1288,998,2523,2043
LC27,H12,Single cell,#660,,,,,,PBS,CTV+,CelSeq2 PAFS,RT1-276,CAGTCCAA,RPI 4,TGACCA,CGATTGAGGCCGGTAATACGACTCACTATAGGGGTTCAGAGTTCTACAGTCCGACGATCNNNNNNCAGTCCAATTTTTTTTTTTTTTTTTTTTTTTTV,1651,330,890,1362,540,837,1307,677,2485,1776
LC27,H13,Single cell,#661,,,,,,PBS,CTV+,CelSeq2 PAFS,RT1-277,TCCTTCTC,RPI 4,TGACCA,CGATTGAGGCCGGTAATACGACTCACTATAGGGGTTCAGAGTTCTACAGTCCGACGATCNNNNNNTCCTTCTCTTTTTTTTTTTTTTTTTTTTTTTTV,2432,975,788,1327,1123,1733,1159,242,2061,2304
LC27,H14,Single cell,#661,,,,,,PBS,CTV+,CelSeq2 PAFS,RT1-278,TAGTCAGC,RPI 4,TGACCA,CGATTGAGGCCGGTAATACGACTCACTATAGGGGTTCAGAGTTCTACAGTCCGACGATCNNNNNNTAGTCAGCTTTTTTTTTTTTTTTTTTTTTTTTV,2626,1005,843,1407,718,2720,2357,1239,2446,2385
LC27,H16,Single cell,#661,,,,,,PBS,CTV+,CelSeq2 PAFS,RT1-280,GTTGTCAG,RPI 4,TGACCA,CGATTGAGGCCGGTAATACGACTCACTATAGGGGTTCAGAGTTCTACAGTCCGACGATCNNNNNNGTTGTCAGTTTTTTTTTTTTTTTTTTTTTTTTV,2879,1045,1090,1417,890,2717,1874,1169,1904,2046
LC27,H17,Single cell,#661,,,,,,PBS,CTV+,CelSeq2 PAFS,RT1-281,CATGGTTG,RPI 4,TGACCA,CGATTGAGGCCGGTAATACGACTCACTATAGGGGTTCAGAGTTCTACAGTCCGACGATCNNNNNNCATGGTTGTTTTTTTTTTTTTTTTTTTTTTTTV,3309,1964,991,1422,795,2549,1731,1114,2691,2438
LC27,H18,Single cell,#661,,,,,,PBS,CTV+,CelSeq2 PAFS,RT1-282,GCGTTGTA,RPI 4,TGACCA,CGATTGAGGCCGGTAATACGACTCACTATAGGGGTTCAGAGTTCTACAGTCCGACGATCNNNNNNGCGTTGTATTTTTTTTTTTTTTTTTTTTTTTTV,2608,503,532,946,896,868,1214,688,2423,2671
LC27,H19,Single cell,#661,,,,,,PBS,CTV+,CelSeq2 PAFS,RT1-283,GGAGTCTT,RPI 4,TGACCA,CGATTGAGGCCGGTAATACGACTCACTATAGGGGTTCAGAGTTCTACAGTCCGACGATCNNNNNNGGAGTCTTTTTTTTTTTTTTTTTTTTTTTTTTV,1694,876,608,913,300,448,272,583,2620,2592
LC27,H20,Single cell,#661,,,,,,PBS,CTV+,CelSeq2 PAFS,RT1-284,AACGCTGT,RPI 4,TGACCA,CGATTGAGGCCGGTAATACGACTCACTATAGGGGTTCAGAGTTCTACAGTCCGACGATCNNNNNNAACGCTGTTTTTTTTTTTTTTTTTTTTTTTTTV,1558,672,402,1028,551,948,0,549,2732,2548
LC27,H21,Single cell,#661,,,,,,PBS,CTV+,CelSeq2 PAFS,RT1-285,ACGAACTC,RPI 4,TGACCA,CGATTGAGGCCGGTAATACGACTCACTATAGGGGTTCAGAGTTCTACAGTCCGACGATCNNNNNNACGAACTCTTTTTTTTTTTTTTTTTTTTTTTTV,2556,164,920,805,699,2606,2260,766,1978,1740
LC27,H22,Single cell,#661,,,,,,PBS,CTV+,CelSeq2 PAFS,RT1-286,CCTTCTTC,RPI 4,TGACCA,CGATTGAGGCCGGTAATACGACTCACTATAGGGGTTCAGAGTTCTACAGTCCGACGATCNNNNNNCCTTCTTCTTTTTTTTTTTTTTTTTTTTTTTTV,2704,759,663,740,756,1131,0,889,1775,2345
LC27,H23,Single cell,#661,,,,,,PBS,CTV+,CelSeq2 PAFS,RT1-287,CATACGTG,RPI 4,TGACCA,CGATTGAGGCCGGTAATACGACTCACTATAGGGGTTCAGAGTTCTACAGTCCGACGATCNNNNNNCATACGTGTTTTTTTTTTTTTTTTTTTTTTTTV,1936,534,571,751,736,426,906,1061,2164,2440
LC27,H24,Single cell,#661,,,,,,PBS,CTV+,CelSeq2 PAFS,RT1-288,ACATTGGC,RPI 4,TGACCA,CGATTGAGGCCGGTAATACGACTCACTATAGGGGTTCAGAGTTCTACAGTCCGACGATCNNNNNNACATTGGCTTTTTTTTTTTTTTTTTTTTTTTTV,2726,945,689,698,993,962,1214,871,2256,2356
LC27,I1,Single cell,#662,,,,,,FL,CTV+,CelSeq2 PAFS,RT1-289,ATTGGCGT,RPI 4,TGACCA,CGATTGAGGCCGGTAATACGACTCACTATAGGGGTTCAGAGTTCTACAGTCCGACGATCNNNNNNATTGGCGTTTTTTTTTTTTTTTTTTTTTTTTTV,1762,776,875,1590,588,2547,0,915,2744,2448
LC27,I2,Single cell,#662,,,,,,FL,CTV+,CelSeq2 PAFS,RT1-290,CACAATCG,RPI 4,TGACCA,CGATTGAGGCCGGTAATACGACTCACTATAGGGGTTCAGAGTTCTACAGTCCGACGATCNNNNNNCACAATCGTTTTTTTTTTTTTTTTTTTTTTTTV,1424,564,558,417,649,1475,0,820,2718,2620
LC27,I3,Single cell,#662,,,,,,FL,CTV+,CelSeq2 PAFS,RT1-291,CTAGACCA,RPI 4,TGACCA,CGATTGAGGCCGGTAATACGACTCACTATAGGGGTTCAGAGTTCTACAGTCCGACGATCNNNNNNCTAGACCATTTTTTTTTTTTTTTTTTTTTTTTV,2257,676,810,739,434,1051,1425,861,2126,2279
LC27,I4,Single cell,#662,,,,,,FL,CTV+,CelSeq2 PAFS,RT1-292,TACGGATC,RPI 4,TGACCA,CGATTGAGGCCGGTAATACGACTCACTATAGGGGTTCAGAGTTCTACAGTCCGACGATCNNNNNNTACGGATCTTTTTTTTTTTTTTTTTTTTTTTTV,1297,485,582,979,543,860,1103,1114,2541,2446
LC27,I5,Single cell,#662,,,,,,FL,CTV+,CelSeq2 PAFS,RT1-293,AGCAACTC,RPI 4,TGACCA,CGATTGAGGCCGGTAATACGACTCACTATAGGGGTTCAGAGTTCTACAGTCCGACGATCNNNNNNAGCAACTCTTTTTTTTTTTTTTTTTTTTTTTTV,1694,631,815,1641,1220,2067,1815,937,2170,2471
LC27,I6,Single cell,#662,,,,,,FL,CTV+,CelSeq2 PAFS,RT1-294,AAGTCGCT,RPI 4,TGACCA,CGATTGAGGCCGGTAATACGACTCACTATAGGGGTTCAGAGTTCTACAGTCCGACGATCNNNNNNAAGTCGCTTTTTTTTTTTTTTTTTTTTTTTTTV,1918,166,530,1809,897,2569,1262,1161,2651,2601
LC27,I7,Single cell,#662,,,,,,FL,CTV+,CelSeq2 PAFS,RT1-295,ACAGCACT,RPI 4,TGACCA,CGATTGAGGCCGGTAATACGACTCACTATAGGGGTTCAGAGTTCTACAGTCCGACGATCNNNNNNACAGCACTTTTTTTTTTTTTTTTTTTTTTTTTV,1815,992,888,1821,435,2498,1723,871,2446,2378
LC27,I8,Single cell,#662,,,,,,FL,CTV+,CelSeq2 PAFS,RT1-296,ATCTACGG,RPI 4,TGACCA,CGATTGAGGCCGGTAATACGACTCACTATAGGGGTTCAGAGTTCTACAGTCCGACGATCNNNNNNATCTACGGTTTTTTTTTTTTTTTTTTTTTTTTV,1501,70,523,835,571,704,1266,1074,2856,2583
LC27,I9,Single cell,#662,,,,,,FL,CTV+,CelSeq2 PAFS,RT1-297,CTATAGGC,RPI 4,TGACCA,CGATTGAGGCCGGTAATACGACTCACTATAGGGGTTCAGAGTTCTACAGTCCGACGATCNNNNNNCTATAGGCTTTTTTTTTTTTTTTTTTTTTTTTV,2782,279,566,758,803,2658,2364,708,1809,1884
LC27,I10,Single cell,#662,,,,,,FL,CTV+,CelSeq2 PAFS,RT1-298,AAGCTCCA,RPI 4,TGACCA,CGATTGAGGCCGGTAATACGACTCACTATAGGGGTTCAGAGTTCTACAGTCCGACGATCNNNNNNAAGCTCCATTTTTTTTTTTTTTTTTTTTTTTTV,2354,734,1084,1309,576,2579,1511,810,1964,1929
LC27,I11,Single cell,#662,,,,,,FL,CTV+,CelSeq2 PAFS,RT1-299,CAATCCAG,RPI 4,TGACCA,CGATTGAGGCCGGTAATACGACTCACTATAGGGGTTCAGAGTTCTACAGTCCGACGATCNNNNNNCAATCCAGTTTTTTTTTTTTTTTTTTTTTTTTV,1821,580,849,800,456,912,0,1114,1952,1643
LC27,I12,Single cell,#662,,,,,,FL,CTV+,CelSeq2 PAFS,RT1-300,ATGCAGCT,RPI 4,TGACCA,CGATTGAGGCCGGTAATACGACTCACTATAGGGGTTCAGAGTTCTACAGTCCGACGATCNNNNNNATGCAGCTTTTTTTTTTTTTTTTTTTTTTTTTV,2066,727,1661,1480,710,2491,1763,1011,2454,2308
LC27,I14,Single cell,#663,,,,,,FL,CTV+,CelSeq2 PAFS,RT1-302,CTCTCTCT,RPI 4,TGACCA,CGATTGAGGCCGGTAATACGACTCACTATAGGGGTTCAGAGTTCTACAGTCCGACGATCNNNNNNCTCTCTCTTTTTTTTTTTTTTTTTTTTTTTTTV,1704,435,806,497,516,882,644,834,2040,2242
LC27,I15,Single cell,#663,,,,,,FL,CTV+,CelSeq2 PAFS,RT1-303,AGCCTAAC,RPI 4,TGACCA,CGATTGAGGCCGGTAATACGACTCACTATAGGGGTTCAGAGTTCTACAGTCCGACGATCNNNNNNAGCCTAACTTTTTTTTTTTTTTTTTTTTTTTTV,1492,215,1389,1834,949,1643,1369,884,2645,2523
LC27,I16,Single cell,#663,,,,,,FL,CTV+,CelSeq2 PAFS,RT1-304,CTAAGCCA,RPI 4,TGACCA,CGATTGAGGCCGGTAATACGACTCACTATAGGGGTTCAGAGTTCTACAGTCCGACGATCNNNNNNCTAAGCCATTTTTTTTTTTTTTTTTTTTTTTTV,2647,1015,998,1251,691,2638,1675,775,1932,2340
LC27,I17,Single cell,#663,,,,,,FL,CTV+,CelSeq2 PAFS,RT1-305,AAGGAGGA,RPI 4,TGACCA,CGATTGAGGCCGGTAATACGACTCACTATAGGGGTTCAGAGTTCTACAGTCCGACGATCNNNNNNAAGGAGGATTTTTTTTTTTTTTTTTTTTTTTTV,2432,1633,1488,1585,285,2784,1747,1079,2610,2469
LC27,I19=A2,Single cell,#663,,,,,,FL,CTV+,CelSeq2 PAFS,RT1-98,TAGACCAC,RPI 4,TGACCA,CGATTGAGGCCGGTAATACGACTCACTATAGGGGTTCAGAGTTCTACAGTCCGACGATCNNNNNNTAGACCACTTTTTTTTTTTTTTTTTTTTTTTTV,1904,412,663,681,594,1941,0,750,2909,1990
LC27,I22,Single cell,#663,,,,,,FL,CTV+,CelSeq2 PAFS,RT1-310,ATTGCTGG,RPI 4,TGACCA,CGATTGAGGCCGGTAATACGACTCACTATAGGGGTTCAGAGTTCTACAGTCCGACGATCNNNNNNATTGCTGGTTTTTTTTTTTTTTTTTTTTTTTTV,1784,299,573,678,523,1158,508,294,2612,2668
LC27,I23,Single cell,#663,,,,,,FL,CTV+,CelSeq2 PAFS,RT1-311,TCGACCAA,RPI 4,TGACCA,CGATTGAGGCCGGTAATACGACTCACTATAGGGGTTCAGAGTTCTACAGTCCGACGATCNNNNNNTCGACCAATTTTTTTTTTTTTTTTTTTTTTTTV,2660,199,1216,1299,640,2493,1742,632,1879,2009
LC27,I24,Single cell,#663,,,,,,FL,CTV+,CelSeq2 PAFS,RT1-312,CGTAACTG,RPI 4,TGACCA,CGATTGAGGCCGGTAATACGACTCACTATAGGGGTTCAGAGTTCTACAGTCCGACGATCNNNNNNCGTAACTGTTTTTTTTTTTTTTTTTTTTTTTTV,2467,546,1113,1460,325,2597,2085,941,1927,2101
LC27,J1,Single cell,#662,,,,,,FL,CTV+,CelSeq2 PAFS,RT1-313,CACTGCAA,RPI 4,TGACCA,CGATTGAGGCCGGTAATACGACTCACTATAGGGGTTCAGAGTTCTACAGTCCGACGATCNNNNNNCACTGCAATTTTTTTTTTTTTTTTTTTTTTTTV,1367,132,748,1563,767,1229,440,809,2350,2316
LC27,J2,Single cell,#662,,,,,,FL,CTV+,CelSeq2 PAFS,RT1-314,CAAGACTC,RPI 4,TGACCA,CGATTGAGGCCGGTAATACGACTCACTATAGGGGTTCAGAGTTCTACAGTCCGACGATCNNNNNNCAAGACTCTTTTTTTTTTTTTTTTTTTTTTTTV,1666,529,1150,1699,794,1924,0,571,2623,2703
LC27,J3,Single cell,#662,,,,,,FL,CTV+,CelSeq2 PAFS,RT1-315,GTGCTCAA,RPI 4,TGACCA,CGATTGAGGCCGGTAATACGACTCACTATAGGGGTTCAGAGTTCTACAGTCCGACGATCNNNNNNGTGCTCAATTTTTTTTTTTTTTTTTTTTTTTTV,2430,1675,394,1334,642,2765,2157,1277,2513,2530
LC27,J4,Single cell,#662,,,,,,FL,CTV+,CelSeq2 PAFS,RT1-316,GGTGCATT,RPI 4,TGACCA,CGATTGAGGCCGGTAATACGACTCACTATAGGGGTTCAGAGTTCTACAGTCCGACGATCNNNNNNGGTGCATTTTTTTTTTTTTTTTTTTTTTTTTTV,2407,389,445,851,540,630,197,912,2681,2451
LC27,J5,Single cell,#662,,,,,,FL,CTV+,CelSeq2 PAFS,RT1-317,GTGTGGTT,RPI 4,TGACCA,CGATTGAGGCCGGTAATACGACTCACTATAGGGGTTCAGAGTTCTACAGTCCGACGATCNNNNNNGTGTGGTTTTTTTTTTTTTTTTTTTTTTTTTTV,1535,312,579,1661,440,2481,0,922,2666,2636
LC27,J6,Single cell,#662,,,,,,FL,CTV+,CelSeq2 PAFS,RT1-318,GCCAACTA,RPI 4,TGACCA,CGATTGAGGCCGGTAATACGACTCACTATAGGGGTTCAGAGTTCTACAGTCCGACGATCNNNNNNGCCAACTATTTTTTTTTTTTTTTTTTTTTTTTV,1541,409,636,1336,875,1378,0,585,2173,2339
LC27,J7,Single cell,#662,,,,,,FL,CTV+,CelSeq2 PAFS,RT1-319,TACTGTGG,RPI 4,TGACCA,CGATTGAGGCCGGTAATACGACTCACTATAGGGGTTCAGAGTTCTACAGTCCGACGATCNNNNNNTACTGTGGTTTTTTTTTTTTTTTTTTTTTTTTV,1297,342,747,819,650,640,1415,856,1916,2221
LC27,J8,Single cell,#662,,,,,,FL,CTV+,CelSeq2 PAFS,RT1-320,CTACGACA,RPI 4,TGACCA,CGATTGAGGCCGGTAATACGACTCACTATAGGGGTTCAGAGTTCTACAGTCCGACGATCNNNNNNCTACGACATTTTTTTTTTTTTTTTTTTTTTTTV,2839,291,1840,1426,593,2829,2057,1145,2630,2486
LC27,J9,Single cell,#662,,,,,,FL,CTV+,CelSeq2 PAFS,RT1-321,TACCGAAC,RPI 4,TGACCA,CGATTGAGGCCGGTAATACGACTCACTATAGGGGTTCAGAGTTCTACAGTCCGACGATCNNNNNNTACCGAACTTTTTTTTTTTTTTTTTTTTTTTTV,2372,868,1824,1956,1362,2543,1235,1346,2658,2622
LC27,J10,Single cell,#662,,,,,,FL,CTV+,CelSeq2 PAFS,RT1-322,AGGCCATT,RPI 4,TGACCA,CGATTGAGGCCGGTAATACGACTCACTATAGGGGTTCAGAGTTCTACAGTCCGACGATCNNNNNNAGGCCATTTTTTTTTTTTTTTTTTTTTTTTTTV,1412,386,442,1087,570,815,424,788,2576,2559
LC27,J11,Single cell,#662,,,,,,FL,CTV+,CelSeq2 PAFS,RT1-323,CGACCTAA,RPI 4,TGACCA,CGATTGAGGCCGGTAATACGACTCACTATAGGGGTTCAGAGTTCTACAGTCCGACGATCNNNNNNCGACCTAATTTTTTTTTTTTTTTTTTTTTTTTV,1406,208,536,1091,753,1077,1293,709,2501,2578
LC27,J12,Single cell,#662,,,,,,FL,CTV+,CelSeq2 PAFS,RT1-324,CTGTGAGT,RPI 4,TGACCA,CGATTGAGGCCGGTAATACGACTCACTATAGGGGTTCAGAGTTCTACAGTCCGACGATCNNNNNNCTGTGAGTTTTTTTTTTTTTTTTTTTTTTTTTV,1696,717,329,789,658,803,293,705,2411,2611
LC27,J14,Single cell,#663,,,,,,FL,CTV+,CelSeq2 PAFS,RT1-326,CGAATCCA,RPI 4,TGACCA,CGATTGAGGCCGGTAATACGACTCACTATAGGGGTTCAGAGTTCTACAGTCCGACGATCNNNNNNCGAATCCATTTTTTTTTTTTTTTTTTTTTTTTV,1909,259,660,485,676,2017,723,1760,1576,2193
LC27,J15,Single cell,#663,,,,,,FL,CTV+,CelSeq2 PAFS,RT1-327,TCCATGAG,RPI 4,TGACCA,CGATTGAGGCCGGTAATACGACTCACTATAGGGGTTCAGAGTTCTACAGTCCGACGATCNNNNNNTCCATGAGTTTTTTTTTTTTTTTTTTTTTTTTV,1576,260,861,770,656,1349,368,1575,2192,2474
LC27,J16,Single cell,#663,,,,,,FL,CTV+,CelSeq2 PAFS,RT1-328,TCATGGTG,RPI 4,TGACCA,CGATTGAGGCCGGTAATACGACTCACTATAGGGGTTCAGAGTTCTACAGTCCGACGATCNNNNNNTCATGGTGTTTTTTTTTTTTTTTTTTTTTTTTV,2185,988,1158,1154,698,2587,0,615,2087,2021
LC27,J17,Single cell,#663,,,,,,FL,CTV+,CelSeq2 PAFS,RT1-329,CTAACACG,RPI 4,TGACCA,CGATTGAGGCCGGTAATACGACTCACTATAGGGGTTCAGAGTTCTACAGTCCGACGATCNNNNNNCTAACACGTTTTTTTTTTTTTTTTTTTTTTTTV,2157,546,391,1421,722,2681,1641,993,2392,2434
LC27,J18,Single cell,#663,,,,,,FL,CTV+,CelSeq2 PAFS,RT1-330,TCTTCCTC,RPI 4,TGACCA,CGATTGAGGCCGGTAATACGACTCACTATAGGGGTTCAGAGTTCTACAGTCCGACGATCNNNNNNTCTTCCTCTTTTTTTTTTTTTTTTTTTTTTTTV,1834,419,684,415,627,1406,1353,1088,2238,2330
LC27,J19,Single cell,#663,,,,,,FL,CTV+,CelSeq2 PAFS,RT1-331,GCGTTAGT,RPI 4,TGACCA,CGATTGAGGCCGGTAATACGACTCACTATAGGGGTTCAGAGTTCTACAGTCCGACGATCNNNNNNGCGTTAGTTTTTTTTTTTTTTTTTTTTTTTTTV,1672,440,804,693,637,1722,433,533,2850,2645
LC27,J20,Single cell,#663,,,,,,FL,CTV+,CelSeq2 PAFS,RT1-332,CTCCTCTT,RPI 4,TGACCA,CGATTGAGGCCGGTAATACGACTCACTATAGGGGTTCAGAGTTCTACAGTCCGACGATCNNNNNNCTCCTCTTTTTTTTTTTTTTTTTTTTTTTTTTV,1732,552,611,1475,741,625,461,712,2345,2450
LC27,J21,Single cell,#663,,,,,,FL,CTV+,CelSeq2 PAFS,RT1-333,CGCATGAT,RPI 4,TGACCA,CGATTGAGGCCGGTAATACGACTCACTATAGGGGTTCAGAGTTCTACAGTCCGACGATCNNNNNNCGCATGATTTTTTTTTTTTTTTTTTTTTTTTTV,1415,391,989,1041,788,1248,130,529,2162,2306
LC27,J23,Single cell,#663,,,,,,FL,CTV+,CelSeq2 PAFS,RT1-335,TATGGCTG,RPI 4,TGACCA,CGATTGAGGCCGGTAATACGACTCACTATAGGGGTTCAGAGTTCTACAGTCCGACGATCNNNNNNTATGGCTGTTTTTTTTTTTTTTTTTTTTTTTTV,1640,108,603,1562,735,1283,314,668,2699,2434
LC27,J24,Single cell,#663,,,,,,FL,CTV+,CelSeq2 PAFS,RT1-336,GCATGTAC,RPI 4,TGACCA,CGATTGAGGCCGGTAATACGACTCACTATAGGGGTTCAGAGTTCTACAGTCCGACGATCNNNNNNGCATGTACTTTTTTTTTTTTTTTTTTTTTTTTV,1656,202,598,1589,744,2220,1378,1198,2888,2637
LC27,K2,Single cell,#662,,,,,,FL,CTV+,CelSeq2 PAFS,RT1-338,ACCAACGT,RPI 4,TGACCA,CGATTGAGGCCGGTAATACGACTCACTATAGGGGTTCAGAGTTCTACAGTCCGACGATCNNNNNNACCAACGTTTTTTTTTTTTTTTTTTTTTTTTTV,2029,585,484,1279,1001,1712,0,830,2126,2480
LC27,K3,Single cell,#662,,,,,,FL,CTV+,CelSeq2 PAFS,RT1-339,GTAGTGTC,RPI 4,TGACCA,CGATTGAGGCCGGTAATACGACTCACTATAGGGGTTCAGAGTTCTACAGTCCGACGATCNNNNNNGTAGTGTCTTTTTTTTTTTTTTTTTTTTTTTTV,1380,217,1084,640,490,1719,0,1175,1923,2286
LC27,K6=A24,Single cell,#662,,,,,,FL,CTV+,CelSeq2 PAFS,RT1-120,TCATGGAC,RPI 4,TGACCA,CGATTGAGGCCGGTAATACGACTCACTATAGGGGTTCAGAGTTCTACAGTCCGACGATCNNNNNNTCATGGACTTTTTTTTTTTTTTTTTTTTTTTTV,2437,479,970,1005,557,2772,2590,814,1972,2300
LC27,K7,Single cell,#662,,,,,,FL,CTV+,CelSeq2 PAFS,RT1-343,ACTTCAGG,RPI 4,TGACCA,CGATTGAGGCCGGTAATACGACTCACTATAGGGGTTCAGAGTTCTACAGTCCGACGATCNNNNNNACTTCAGGTTTTTTTTTTTTTTTTTTTTTTTTV,1443,958,996,673,837,792,1325,1617,2702,2696
LC27,K9,Single cell,#662,,,,,,FL,CTV+,CelSeq2 PAFS,RT1-345,GCTCTGAA,RPI 4,TGACCA,CGATTGAGGCCGGTAATACGACTCACTATAGGGGTTCAGAGTTCTACAGTCCGACGATCNNNNNNGCTCTGAATTTTTTTTTTTTTTTTTTTTTTTTV,1526,353,527,1437,858,1588,1176,823,2065,2359
LC27,K10,Single cell,#662,,,,,,FL,CTV+,CelSeq2 PAFS,RT1-346,CAAGTGTC,RPI 4,TGACCA,CGATTGAGGCCGGTAATACGACTCACTATAGGGGTTCAGAGTTCTACAGTCCGACGATCNNNNNNCAAGTGTCTTTTTTTTTTTTTTTTTTTTTTTTV,1558,371,759,1090,821,1496,175,763,2072,2287
LC27,K12,Single cell,#662,,,,,,FL,CTV+,CelSeq2 PAFS,RT1-348,GCAGTCAT,RPI 4,TGACCA,CGATTGAGGCCGGTAATACGACTCACTATAGGGGTTCAGAGTTCTACAGTCCGACGATCNNNNNNGCAGTCATTTTTTTTTTTTTTTTTTTTTTTTTV,1575,606,579,1062,772,932,645,908,2148,2410
LC27,K13,Single cell,#663,,,,,,FL,CTV+,CelSeq2 PAFS,RT1-349,ACTACGGT,RPI 4,TGACCA,CGATTGAGGCCGGTAATACGACTCACTATAGGGGTTCAGAGTTCTACAGTCCGACGATCNNNNNNACTACGGTTTTTTTTTTTTTTTTTTTTTTTTTV,1883,535,1036,1637,618,2631,1376,1137,2374,2425
LC27,K14,Single cell,#663,,,,,,FL,CTV+,CelSeq2 PAFS,RT1-350,AACTGTGC,RPI 4,TGACCA,CGATTGAGGCCGGTAATACGACTCACTATAGGGGTTCAGAGTTCTACAGTCCGACGATCNNNNNNAACTGTGCTTTTTTTTTTTTTTTTTTTTTTTTV,1450,343,728,572,685,1215,0,956,1892,2303
LC27,K15,Single cell,#663,,,,,,FL,CTV+,CelSeq2 PAFS,RT1-351,ACGCACTA,RPI 4,TGACCA,CGATTGAGGCCGGTAATACGACTCACTATAGGGGTTCAGAGTTCTACAGTCCGACGATCNNNNNNACGCACTATTTTTTTTTTTTTTTTTTTTTTTTV,2136,97,514,625,575,1571,103,868,2702,2671
LC27,K16,Single cell,#663,,,,,,FL,CTV+,CelSeq2 PAFS,RT1-352,AGTCATGC,RPI 4,TGACCA,CGATTGAGGCCGGTAATACGACTCACTATAGGGGTTCAGAGTTCTACAGTCCGACGATCNNNNNNAGTCATGCTTTTTTTTTTTTTTTTTTTTTTTTV,2648,1496,395,1105,649,2699,1083,1152,2200,2319
LC27,K17,Single cell,#663,,,,,,FL,CTV+,CelSeq2 PAFS,RT1-353,TGTATGGC,RPI 4,TGACCA,CGATTGAGGCCGGTAATACGACTCACTATAGGGGTTCAGAGTTCTACAGTCCGACGATCNNNNNNTGTATGGCTTTTTTTTTTTTTTTTTTTTTTTTV,2002,386,804,1480,699,2741,1786,491,2598,2562
LC27,K18,Single cell,#663,,,,,,FL,CTV+,CelSeq2 PAFS,RT1-354,GTGGTCTA,RPI 4,TGACCA,CGATTGAGGCCGGTAATACGACTCACTATAGGGGTTCAGAGTTCTACAGTCCGACGATCNNNNNNGTGGTCTATTTTTTTTTTTTTTTTTTTTTTTTV,1441,425,1082,1271,713,1310,1432,810,1919,2343
LC27,K19,Single cell,#663,,,,,,FL,CTV+,CelSeq2 PAFS,RT1-355,AGTATCCG,RPI 4,TGACCA,CGATTGAGGCCGGTAATACGACTCACTATAGGGGTTCAGAGTTCTACAGTCCGACGATCNNNNNNAGTATCCGTTTTTTTTTTTTTTTTTTTTTTTTV,1993,362,543,416,446,1131,426,801,2472,2543
LC27,K20,Single cell,#663,,,,,,FL,CTV+,CelSeq2 PAFS,RT1-356,TATTGCGG,RPI 4,TGACCA,CGATTGAGGCCGGTAATACGACTCACTATAGGGGTTCAGAGTTCTACAGTCCGACGATCNNNNNNTATTGCGGTTTTTTTTTTTTTTTTTTTTTTTTV,1532,580,790,725,787,1951,609,1410,2268,2628
LC27,K21,Single cell,#663,,,,,,FL,CTV+,CelSeq2 PAFS,RT1-357,CGTAGCAT,RPI 4,TGACCA,CGATTGAGGCCGGTAATACGACTCACTATAGGGGTTCAGAGTTCTACAGTCCGACGATCNNNNNNCGTAGCATTTTTTTTTTTTTTTTTTTTTTTTTV,2062,473,1425,1336,539,2706,540,891,2420,2388
LC27,K22,Single cell,#663,,,,,,FL,CTV+,CelSeq2 PAFS,RT1-358,ACCAAGTC,RPI 4,TGACCA,CGATTGAGGCCGGTAATACGACTCACTATAGGGGTTCAGAGTTCTACAGTCCGACGATCNNNNNNACCAAGTCTTTTTTTTTTTTTTTTTTTTTTTTV,2288,580,1055,1254,655,2667,1098,1004,2191,2302
LC27,K23,Single cell,#663,,,,,,FL,CTV+,CelSeq2 PAFS,RT1-359,CGTGATGT,RPI 4,TGACCA,CGATTGAGGCCGGTAATACGACTCACTATAGGGGTTCAGAGTTCTACAGTCCGACGATCNNNNNNCGTGATGTTTTTTTTTTTTTTTTTTTTTTTTTV,1440,373,798,829,604,1124,744,1152,2153,2314
LC27,K24,Single cell,#663,,,,,,FL,CTV+,CelSeq2 PAFS,RT1-360,CCATCGAA,RPI 4,TGACCA,CGATTGAGGCCGGTAATACGACTCACTATAGGGGTTCAGAGTTCTACAGTCCGACGATCNNNNNNCCATCGAATTTTTTTTTTTTTTTTTTTTTTTTV,1417,194,699,1178,761,409,1146,833,2390,2382
LC27,L2,Single cell,#662,,,,,,FL,CTV+,CelSeq2 PAFS,RT1-362,ACACGCAT,RPI 4,TGACCA,CGATTGAGGCCGGTAATACGACTCACTATAGGGGTTCAGAGTTCTACAGTCCGACGATCNNNNNNACACGCATTTTTTTTTTTTTTTTTTTTTTTTTV,1623,598,641,670,673,633,552,790,1956,2423
LC27,L4,Single cell,#662,,,,,,FL,CTV+,CelSeq2 PAFS,RT1-364,CGACCATA,RPI 4,TGACCA,CGATTGAGGCCGGTAATACGACTCACTATAGGGGTTCAGAGTTCTACAGTCCGACGATCNNNNNNCGACCATATTTTTTTTTTTTTTTTTTTTTTTTV,2464,957,1183,1630,713,2751,851,878,2234,2489
LC27,L5,Single cell,#662,,,,,,FL,CTV+,CelSeq2 PAFS,RT1-365,TCGCACAA,RPI 4,TGACCA,CGATTGAGGCCGGTAATACGACTCACTATAGGGGTTCAGAGTTCTACAGTCCGACGATCNNNNNNTCGCACAATTTTTTTTTTTTTTTTTTTTTTTTV,1963,49,372,1216,762,2009,1631,1430,2890,2666
LC27,L6,Single cell,#662,,,,,,FL,CTV+,CelSeq2 PAFS,RT1-366,AGCTGTTG,RPI 4,TGACCA,CGATTGAGGCCGGTAATACGACTCACTATAGGGGTTCAGAGTTCTACAGTCCGACGATCNNNNNNAGCTGTTGTTTTTTTTTTTTTTTTTTTTTTTTV,1607,471,382,689,801,704,808,930,2454,2581
LC27,L7,Single cell,#662,,,,,,FL,CTV+,CelSeq2 PAFS,RT1-367,GAACTTCG,RPI 4,TGACCA,CGATTGAGGCCGGTAATACGACTCACTATAGGGGTTCAGAGTTCTACAGTCCGACGATCNNNNNNGAACTTCGTTTTTTTTTTTTTTTTTTTTTTTTV,1671,685,706,538,487,2020,358,1980,1947,2577
LC27,L8,Single cell,#662,,,,,,FL,CTV+,CelSeq2 PAFS,RT1-368,TGGTGATC,RPI 4,TGACCA,CGATTGAGGCCGGTAATACGACTCACTATAGGGGTTCAGAGTTCTACAGTCCGACGATCNNNNNNTGGTGATCTTTTTTTTTTTTTTTTTTTTTTTTV,1341,455,492,957,630,646,880,1064,2662,2281
LC27,L10,Single cell,#662,,,,,,FL,CTV+,CelSeq2 PAFS,RT1-370,ATCCGCAA,RPI 4,TGACCA,CGATTGAGGCCGGTAATACGACTCACTATAGGGGTTCAGAGTTCTACAGTCCGACGATCNNNNNNATCCGCAATTTTTTTTTTTTTTTTTTTTTTTTV,1610,816,452,1164,496,718,1128,963,2628,2449
LC27,L12,Single cell,#662,,,,,,FL,CTV+,CelSeq2 PAFS,RT1-372,CGCAACAT,RPI 4,TGACCA,CGATTGAGGCCGGTAATACGACTCACTATAGGGGTTCAGAGTTCTACAGTCCGACGATCNNNNNNCGCAACATTTTTTTTTTTTTTTTTTTTTTTTTV,1537,591,797,1505,646,923,1090,577,1994,2190
LC27,L13,Single cell,#663,,,,,,FL,CTV+,CelSeq2 PAFS,RT1-373,GACCTACA,RPI 4,TGACCA,CGATTGAGGCCGGTAATACGACTCACTATAGGGGTTCAGAGTTCTACAGTCCGACGATCNNNNNNGACCTACATTTTTTTTTTTTTTTTTTTTTTTTV,1316,502,732,1214,731,881,1395,974,2761,2568
LC27,L14,Single cell,#663,,,,,,FL,CTV+,CelSeq2 PAFS,RT1-374,AGGAAGGA,RPI 4,TGACCA,CGATTGAGGCCGGTAATACGACTCACTATAGGGGTTCAGAGTTCTACAGTCCGACGATCNNNNNNAGGAAGGATTTTTTTTTTTTTTTTTTTTTTTTV,1324,645,1061,1118,493,2084,1493,1606,2028,2157
LC27,L15,Single cell,#663,,,,,,FL,CTV+,CelSeq2 PAFS,RT1-375,CAACATGC,RPI 4,TGACCA,CGATTGAGGCCGGTAATACGACTCACTATAGGGGTTCAGAGTTCTACAGTCCGACGATCNNNNNNCAACATGCTTTTTTTTTTTTTTTTTTTTTTTTV,1428,604,936,683,609,1992,1348,1405,2089,2413
LC27,L16,Single cell,#663,,,,,,FL,CTV+,CelSeq2 PAFS,RT1-376,CCAATAGC,RPI 4,TGACCA,CGATTGAGGCCGGTAATACGACTCACTATAGGGGTTCAGAGTTCTACAGTCCGACGATCNNNNNNCCAATAGCTTTTTTTTTTTTTTTTTTTTTTTTV,1603,96,827,649,648,1640,1322,1082,1911,2196
LC27,L17,Single cell,#663,,,,,,FL,CTV+,CelSeq2 PAFS,RT1-377,TCGAGTTG,RPI 4,TGACCA,CGATTGAGGCCGGTAATACGACTCACTATAGGGGTTCAGAGTTCTACAGTCCGACGATCNNNNNNTCGAGTTGTTTTTTTTTTTTTTTTTTTTTTTTV,1426,339,1113,798,669,1903,1979,2010,1927,2244
LC27,L18,Single cell,#663,,,,,,FL,CTV+,CelSeq2 PAFS,RT1-378,GCGCAATT,RPI 4,TGACCA,CGATTGAGGCCGGTAATACGACTCACTATAGGGGTTCAGAGTTCTACAGTCCGACGATCNNNNNNGCGCAATTTTTTTTTTTTTTTTTTTTTTTTTTV,1546,462,890,1398,963,1634,916,764,2289,2462
LC27,L19,Single cell,#663,,,,,,FL,CTV+,CelSeq2 PAFS,RT1-379,ACCATGTG,RPI 4,TGACCA,CGATTGAGGCCGGTAATACGACTCACTATAGGGGTTCAGAGTTCTACAGTCCGACGATCNNNNNNACCATGTGTTTTTTTTTTTTTTTTTTTTTTTTV,2069,582,1460,1687,728,2593,1284,616,2491,2512
LC27,L20,Single cell,#663,,,,,,FL,CTV+,CelSeq2 PAFS,RT1-380,CACACTAG,RPI 4,TGACCA,CGATTGAGGCCGGTAATACGACTCACTATAGGGGTTCAGAGTTCTACAGTCCGACGATCNNNNNNCACACTAGTTTTTTTTTTTTTTTTTTTTTTTTV,2292,133,988,1604,795,2315,525,763,2796,2505
LC27,L21,Single cell,#663,,,,,,FL,CTV+,CelSeq2 PAFS,RT1-381,TGCAATGC,RPI 4,TGACCA,CGATTGAGGCCGGTAATACGACTCACTATAGGGGTTCAGAGTTCTACAGTCCGACGATCNNNNNNTGCAATGCTTTTTTTTTTTTTTTTTTTTTTTTV,3012,1376,1209,647,393,2620,2323,667,2078,2080
LC27,L22,Single cell,#663,,,,,,FL,CTV+,CelSeq2 PAFS,RT1-382,GCAATGTC,RPI 4,TGACCA,CGATTGAGGCCGGTAATACGACTCACTATAGGGGTTCAGAGTTCTACAGTCCGACGATCNNNNNNGCAATGTCTTTTTTTTTTTTTTTTTTTTTTTTV,1321,458,1099,702,695,1975,0,827,2019,1972
LC27,L23,Single cell,#663,,,,,,FL,CTV+,CelSeq2 PAFS,RT1-383,TGGTCTGA,RPI 4,TGACCA,CGATTGAGGCCGGTAATACGACTCACTATAGGGGTTCAGAGTTCTACAGTCCGACGATCNNNNNNTGGTCTGATTTTTTTTTTTTTTTTTTTTTTTTV,1546,161,531,978,758,775,622,747,2645,2369
LC27,L24,Single cell,#663,,,,,,FL,CTV+,CelSeq2 PAFS,RT1-384,GTCATGTG,RPI 4,TGACCA,CGATTGAGGCCGGTAATACGACTCACTATAGGGGTTCAGAGTTCTACAGTCCGACGATCNNNNNNGTCATGTGTTTTTTTTTTTTTTTTTTTTTTTTV,2206,963,1466,1268,663,2595,910,1192,2281,2158
LC27,M1,Single cell,#662,,,,,,FL,CTV+,CelSeq2 PAFS,RT1-385,GTCATGCA,RPI 4,TGACCA,CGATTGAGGCCGGTAATACGACTCACTATAGGGGTTCAGAGTTCTACAGTCCGACGATCNNNNNNGTCATGCATTTTTTTTTTTTTTTTTTTTTTTTV,1472,272,534,626,799,1042,1156,1129,2716,2598
LC27,M3,Single cell,#662,,,,,,FL,CTV+,CelSeq2 PAFS,RT1-387,TCAAGCAC,RPI 4,TGACCA,CGATTGAGGCCGGTAATACGACTCACTATAGGGGTTCAGAGTTCTACAGTCCGACGATCNNNNNNTCAAGCACTTTTTTTTTTTTTTTTTTTTTTTTV,2859,1460,1556,1776,588,2956,1983,1079,2446,2367
LC27,M4,Single cell,#662,,,,,,FL,CTV+,CelSeq2 PAFS,RT1-388,GCAAGTTC,RPI 4,TGACCA,CGATTGAGGCCGGTAATACGACTCACTATAGGGGTTCAGAGTTCTACAGTCCGACGATCNNNNNNGCAAGTTCTTTTTTTTTTTTTTTTTTTTTTTTV,1871,669,699,1480,601,2354,0,1035,2183,2533
LC27,M5,Single cell,#662,,,,,,FL,CTV+,CelSeq2 PAFS,RT1-389,GGTATCGT,RPI 4,TGACCA,CGATTGAGGCCGGTAATACGACTCACTATAGGGGTTCAGAGTTCTACAGTCCGACGATCNNNNNNGGTATCGTTTTTTTTTTTTTTTTTTTTTTTTTV,1861,114,480,1669,832,2326,1467,326,2772,2678
LC27,M6,Single cell,#662,,,,,,FL,CTV+,CelSeq2 PAFS,RT1-390,ATGTCCAG,RPI 4,TGACCA,CGATTGAGGCCGGTAATACGACTCACTATAGGGGTTCAGAGTTCTACAGTCCGACGATCNNNNNNATGTCCAGTTTTTTTTTTTTTTTTTTTTTTTTV,1760,1178,273,1250,684,1064,1464,1063,2817,2596
LC27,M7,Single cell,#662,,,,,,FL,CTV+,CelSeq2 PAFS,RT1-391,ACTCTGAG,RPI 4,TGACCA,CGATTGAGGCCGGTAATACGACTCACTATAGGGGTTCAGAGTTCTACAGTCCGACGATCNNNNNNACTCTGAGTTTTTTTTTTTTTTTTTTTTTTTTV,1471,121,641,1021,690,729,1488,866,2391,2595
LC27,M8,Single cell,#662,,,,,,FL,CTV+,CelSeq2 PAFS,RT1-392,GGCCAATT,RPI 4,TGACCA,CGATTGAGGCCGGTAATACGACTCACTATAGGGGTTCAGAGTTCTACAGTCCGACGATCNNNNNNGGCCAATTTTTTTTTTTTTTTTTTTTTTTTTTV,1815,392,1106,1353,623,2564,1675,794,2269,2218
LC27,M9,Single cell,#662,,,,,,FL,CTV+,CelSeq2 PAFS,RT1-393,CATTGTGG,RPI 4,TGACCA,CGATTGAGGCCGGTAATACGACTCACTATAGGGGTTCAGAGTTCTACAGTCCGACGATCNNNNNNCATTGTGGTTTTTTTTTTTTTTTTTTTTTTTTV,1981,1319,1341,1570,828,2804,1519,961,2587,2458
LC27,M10,Single cell,#662,,,,,,FL,CTV+,CelSeq2 PAFS,RT1-394,GATTGGTC,RPI 4,TGACCA,CGATTGAGGCCGGTAATACGACTCACTATAGGGGTTCAGAGTTCTACAGTCCGACGATCNNNNNNGATTGGTCTTTTTTTTTTTTTTTTTTTTTTTTV,1759,168,1086,1307,801,2690,1578,1179,2449,2463
LC27,M11,Single cell,#662,,,,,,FL,CTV+,CelSeq2 PAFS,RT1-395,TCAGGCAT,RPI 4,TGACCA,CGATTGAGGCCGGTAATACGACTCACTATAGGGGTTCAGAGTTCTACAGTCCGACGATCNNNNNNTCAGGCATTTTTTTTTTTTTTTTTTTTTTTTTV,1912,752,823,1566,1035,2029,0,1111,2195,2277
LC27,M12,Single cell,#662,,,,,,FL,CTV+,CelSeq2 PAFS,RT1-396,TGCGGTTA,RPI 4,TGACCA,CGATTGAGGCCGGTAATACGACTCACTATAGGGGTTCAGAGTTCTACAGTCCGACGATCNNNNNNTGCGGTTATTTTTTTTTTTTTTTTTTTTTTTTV,1823,412,577,1606,685,2616,1574,875,2685,2517
LC27,M13,Single cell,#663,,,,,,FL,CTV+,CelSeq2 PAFS,RT1-397,GACATGCT,RPI 4,TGACCA,CGATTGAGGCCGGTAATACGACTCACTATAGGGGTTCAGAGTTCTACAGTCCGACGATCNNNNNNGACATGCTTTTTTTTTTTTTTTTTTTTTTTTTV,2270,700,863,1558,627,2694,1192,900,2235,2312
LC27,M14,Single cell,#663,,,,,,FL,CTV+,CelSeq2 PAFS,RT1-398,TAAGCTGC,RPI 4,TGACCA,CGATTGAGGCCGGTAATACGACTCACTATAGGGGTTCAGAGTTCTACAGTCCGACGATCNNNNNNTAAGCTGCTTTTTTTTTTTTTTTTTTTTTTTTV,1705,937,409,873,829,917,582,1157,2664,2523
LC27,M15,Single cell,#663,,,,,,FL,CTV+,CelSeq2 PAFS,RT1-399,AGCGTATC,RPI 4,TGACCA,CGATTGAGGCCGGTAATACGACTCACTATAGGGGTTCAGAGTTCTACAGTCCGACGATCNNNNNNAGCGTATCTTTTTTTTTTTTTTTTTTTTTTTTV,1503,485,859,1372,966,1872,1588,778,2088,2391
LC27,M16,Single cell,#663,,,,,,FL,CTV+,CelSeq2 PAFS,RT1-400,ATTGCCGA,RPI 4,TGACCA,CGATTGAGGCCGGTAATACGACTCACTATAGGGGTTCAGAGTTCTACAGTCCGACGATCNNNNNNATTGCCGATTTTTTTTTTTTTTTTTTTTTTTTV,1874,492,550,1820,627,1733,602,543,2952,2538
LC27,M17,Single cell,#663,,,,,,FL,CTV+,CelSeq2 PAFS,RT1-401,TAGGTTGC,RPI 4,TGACCA,CGATTGAGGCCGGTAATACGACTCACTATAGGGGTTCAGAGTTCTACAGTCCGACGATCNNNNNNTAGGTTGCTTTTTTTTTTTTTTTTTTTTTTTTV,2204,1765,900,954,727,942,0,1372,2573,1944
LC27,M18,Single cell,#663,,,,,,FL,CTV+,CelSeq2 PAFS,RT1-402,TGGCAACT,RPI 4,TGACCA,CGATTGAGGCCGGTAATACGACTCACTATAGGGGTTCAGAGTTCTACAGTCCGACGATCNNNNNNTGGCAACTTTTTTTTTTTTTTTTTTTTTTTTTV,1488,322,573,974,636,669,768,1114,2541,2316
LC27,M19=A1,Single cell,#663,,,,,,FL,CTV+,CelSeq2 PAFS,RT1-97,GTAGCTCA,RPI 4,TGACCA,CGATTGAGGCCGGTAATACGACTCACTATAGGGGTTCAGAGTTCTACAGTCCGACGATCNNNNNNGTAGCTCATTTTTTTTTTTTTTTTTTTTTTTTV,1842,399,1144,447,528,1197,1046,1456,1694,2095
LC27,M20,Single cell,#663,,,,,,FL,CTV+,CelSeq2 PAFS,RT1-404,GCCAATTG,RPI 4,TGACCA,CGATTGAGGCCGGTAATACGACTCACTATAGGGGTTCAGAGTTCTACAGTCCGACGATCNNNNNNGCCAATTGTTTTTTTTTTTTTTTTTTTTTTTTV,1314,243,865,1118,654,609,1405,733,2316,2269
LC27,M21,Single cell,#663,,,,,,FL,CTV+,CelSeq2 PAFS,RT1-405,TGCCAGAT,RPI 4,TGACCA,CGATTGAGGCCGGTAATACGACTCACTATAGGGGTTCAGAGTTCTACAGTCCGACGATCNNNNNNTGCCAGATTTTTTTTTTTTTTTTTTTTTTTTTV,1528,634,936,1125,811,732,1422,1186,2387,2478
LC27,M22,Single cell,#663,,,,,,FL,CTV+,CelSeq2 PAFS,RT1-406,TAGCGTCA,RPI 4,TGACCA,CGATTGAGGCCGGTAATACGACTCACTATAGGGGTTCAGAGTTCTACAGTCCGACGATCNNNNNNTAGCGTCATTTTTTTTTTTTTTTTTTTTTTTTV,1617,915,502,1021,492,870,323,613,2470,2473
LC27,M23,Single cell,#663,,,,,,FL,CTV+,CelSeq2 PAFS,RT1-407,ACCAAGCT,RPI 4,TGACCA,CGATTGAGGCCGGTAATACGACTCACTATAGGGGTTCAGAGTTCTACAGTCCGACGATCNNNNNNACCAAGCTTTTTTTTTTTTTTTTTTTTTTTTTV,1604,225,842,1632,722,1825,0,1033,2508,2502
LC27,M24,Single cell,#663,,,,,,FL,CTV+,CelSeq2 PAFS,RT1-408,AGCATGTC,RPI 4,TGACCA,CGATTGAGGCCGGTAATACGACTCACTATAGGGGTTCAGAGTTCTACAGTCCGACGATCNNNNNNAGCATGTCTTTTTTTTTTTTTTTTTTTTTTTTV,2115,231,355,1382,743,2500,1856,826,2436,2458
LC27,N1,Single cell,#662,,,,,,FL,CTV+,CelSeq2 PAFS,RT1-409,GCGCTTAA,RPI 4,TGACCA,CGATTGAGGCCGGTAATACGACTCACTATAGGGGTTCAGAGTTCTACAGTCCGACGATCNNNNNNGCGCTTAATTTTTTTTTTTTTTTTTTTTTTTTV,1699,737,425,939,522,914,788,849,3029,2576
LC27,N3,Single cell,#662,,,,,,FL,CTV+,CelSeq2 PAFS,RT1-411,GGACTTGT,RPI 4,TGACCA,CGATTGAGGCCGGTAATACGACTCACTATAGGGGTTCAGAGTTCTACAGTCCGACGATCNNNNNNGGACTTGTTTTTTTTTTTTTTTTTTTTTTTTTV,1540,240,446,781,734,1901,0,1605,2374,2633
LC27,N4,Single cell,#662,,,,,,FL,CTV+,CelSeq2 PAFS,RT1-412,TGACCATG,RPI 4,TGACCA,CGATTGAGGCCGGTAATACGACTCACTATAGGGGTTCAGAGTTCTACAGTCCGACGATCNNNNNNTGACCATGTTTTTTTTTTTTTTTTTTTTTTTTV,2235,667,1140,1030,585,2406,1581,649,1680,1932
LC27,N5,Single cell,#662,,,,,,FL,CTV+,CelSeq2 PAFS,RT1-413,ACCGTGAT,RPI 4,TGACCA,CGATTGAGGCCGGTAATACGACTCACTATAGGGGTTCAGAGTTCTACAGTCCGACGATCNNNNNNACCGTGATTTTTTTTTTTTTTTTTTTTTTTTTV,1531,348,758,1438,916,2309,1370,790,2366,2280
LC27,N6,Single cell,#662,,,,,,FL,CTV+,CelSeq2 PAFS,RT1-414,ATGCAGTC,RPI 4,TGACCA,CGATTGAGGCCGGTAATACGACTCACTATAGGGGTTCAGAGTTCTACAGTCCGACGATCNNNNNNATGCAGTCTTTTTTTTTTTTTTTTTTTTTTTTV,1454,671,540,1510,622,2366,1407,867,2359,2335
LC27,N7,Single cell,#662,,,,,,FL,CTV+,CelSeq2 PAFS,RT1-415,CGTAGTGT,RPI 4,TGACCA,CGATTGAGGCCGGTAATACGACTCACTATAGGGGTTCAGAGTTCTACAGTCCGACGATCNNNNNNCGTAGTGTTTTTTTTTTTTTTTTTTTTTTTTTV,1432,292,716,1111,986,933,196,1050,2226,2282
LC27,N8,Single cell,#662,,,,,,FL,CTV+,CelSeq2 PAFS,RT1-416,AGGTTCAC,RPI 4,TGACCA,CGATTGAGGCCGGTAATACGACTCACTATAGGGGTTCAGAGTTCTACAGTCCGACGATCNNNNNNAGGTTCACTTTTTTTTTTTTTTTTTTTTTTTTV,1326,479,711,756,552,1550,406,979,1940,2381
LC27,N9,Single cell,#662,,,,,,FL,CTV+,CelSeq2 PAFS,RT1-417,TGGTTGCA,RPI 4,TGACCA,CGATTGAGGCCGGTAATACGACTCACTATAGGGGTTCAGAGTTCTACAGTCCGACGATCNNNNNNTGGTTGCATTTTTTTTTTTTTTTTTTTTTTTTV,2018,493,947,1630,1041,2451,0,1486,2238,2588
LC27,N10,Single cell,#662,,,,,,FL,CTV+,CelSeq2 PAFS,RT1-418,TAGCCGAT,RPI 4,TGACCA,CGATTGAGGCCGGTAATACGACTCACTATAGGGGTTCAGAGTTCTACAGTCCGACGATCNNNNNNTAGCCGATTTTTTTTTTTTTTTTTTTTTTTTTV,2664,64,614,1200,871,1071,909,649,3049,2568
LC27,N12,Single cell,#662,,,,,,FL,CTV+,CelSeq2 PAFS,RT1-420,CAATTGGC,RPI 4,TGACCA,CGATTGAGGCCGGTAATACGACTCACTATAGGGGTTCAGAGTTCTACAGTCCGACGATCNNNNNNCAATTGGCTTTTTTTTTTTTTTTTTTTTTTTTV,2113,960,634,1564,950,2593,1058,967,2506,2448
LC27,N13,Single cell,#663,,,,,,FL,CTV+,CelSeq2 PAFS,RT1-421,TGCTAGGT,RPI 4,TGACCA,CGATTGAGGCCGGTAATACGACTCACTATAGGGGTTCAGAGTTCTACAGTCCGACGATCNNNNNNTGCTAGGTTTTTTTTTTTTTTTTTTTTTTTTTV,1457,270,674,581,749,742,459,1044,2171,2413
LC27,N14,Single cell,#663,,,,,,FL,CTV+,CelSeq2 PAFS,RT1-422,AACGTCAC,RPI 4,TGACCA,CGATTGAGGCCGGTAATACGACTCACTATAGGGGTTCAGAGTTCTACAGTCCGACGATCNNNNNNAACGTCACTTTTTTTTTTTTTTTTTTTTTTTTV,2132,96,1159,1238,707,2465,1459,648,2503,2425
LC27,N15,Single cell,#663,,,,,,FL,CTV+,CelSeq2 PAFS,RT1-423,CATCACGA,RPI 4,TGACCA,CGATTGAGGCCGGTAATACGACTCACTATAGGGGTTCAGAGTTCTACAGTCCGACGATCNNNNNNCCGATGTATTTTTTTTTTTTTTTTTTTTTTTTV,2626,935,1467,1655,681,2781,1645,595,2295,2453
LC27,N16,Single cell,#663,,,,,,FL,CTV+,CelSeq2 PAFS,RT1-424,GGTTAGCT,RPI 4,TGACCA,CGATTGAGGCCGGTAATACGACTCACTATAGGGGTTCAGAGTTCTACAGTCCGACGATCNNNNNNGGTTAGCTTTTTTTTTTTTTTTTTTTTTTTTTV,1860,314,601,816,1095,1371,1434,753,2131,2442
LC27,N17,Single cell,#663,,,,,,FL,CTV+,CelSeq2 PAFS,RT1-425,GTCAGTAC,RPI 4,TGACCA,CGATTGAGGCCGGTAATACGACTCACTATAGGGGTTCAGAGTTCTACAGTCCGACGATCNNNNNNGTCAGTACTTTTTTTTTTTTTTTTTTTTTTTTV,2601,1039,846,1387,641,2796,3,1094,2247,2439
LC27,N18,Single cell,#663,,,,,,FL,CTV+,CelSeq2 PAFS,RT1-426,CAATCGGT,RPI 4,TGACCA,CGATTGAGGCCGGTAATACGACTCACTATAGGGGTTCAGAGTTCTACAGTCCGACGATCNNNNNNCAATCGGTTTTTTTTTTTTTTTTTTTTTTTTTV,1341,445,364,950,803,1321,1723,1620,2466,2640
LC27,N19,Single cell,#663,,,,,,FL,CTV+,CelSeq2 PAFS,RT1-427,GCGTGTAT,RPI 4,TGACCA,CGATTGAGGCCGGTAATACGACTCACTATAGGGGTTCAGAGTTCTACAGTCCGACGATCNNNNNNGCGTGTATTTTTTTTTTTTTTTTTTTTTTTTTV,1700,338,298,470,621,1121,0,1166,2749,2765
LC27,N20,Single cell,#663,,,,,,FL,CTV+,CelSeq2 PAFS,RT1-428,GCATGTGT,RPI 4,TGACCA,CGATTGAGGCCGGTAATACGACTCACTATAGGGGTTCAGAGTTCTACAGTCCGACGATCNNNNNNGCATGTGTTTTTTTTTTTTTTTTTTTTTTTTTV,1437,381,525,916,703,1014,202,777,2152,2431
LC27,N21,Single cell,#663,,,,,,FL,CTV+,CelSeq2 PAFS,RT1-429,GTTGAGTC,RPI 4,TGACCA,CGATTGAGGCCGGTAATACGACTCACTATAGGGGTTCAGAGTTCTACAGTCCGACGATCNNNNNNGTTGAGTCTTTTTTTTTTTTTTTTTTTTTTTTV,2525,309,899,939,579,961,574,1245,1857,2520
LC27,N22,Single cell,#663,,,,,,FL,CTV+,CelSeq2 PAFS,RT1-430,CACTACAG,RPI 4,TGACCA,CGATTGAGGCCGGTAATACGACTCACTATAGGGGTTCAGAGTTCTACAGTCCGACGATCNNNNNNCACTACAGTTTTTTTTTTTTTTTTTTTTTTTTV,2082,352,714,1230,484,2462,1409,886,2343,2357
LC27,N23,Single cell,#663,,,,,,FL,CTV+,CelSeq2 PAFS,RT1-431,GTATGGTC,RPI 4,TGACCA,CGATTGAGGCCGGTAATACGACTCACTATAGGGGTTCAGAGTTCTACAGTCCGACGATCNNNNNNGTATGGTCTTTTTTTTTTTTTTTTTTTTTTTTV,1576,921,880,1409,791,1615,1031,659,2255,2443
LC27,N24,Single cell,#663,,,,,,FL,CTV+,CelSeq2 PAFS,RT1-432,TCGCTGAA,RPI 4,TGACCA,CGATTGAGGCCGGTAATACGACTCACTATAGGGGTTCAGAGTTCTACAGTCCGACGATCNNNNNNTCGCTGAATTTTTTTTTTTTTTTTTTTTTTTTV,1911,567,817,1423,803,1819,0,805,2025,2310
LC27,O2,Single cell,#662,,,,,,FL,CTV+,CelSeq2 PAFS,RT1-434,GCCATGAT,RPI 4,TGACCA,CGATTGAGGCCGGTAATACGACTCACTATAGGGGTTCAGAGTTCTACAGTCCGACGATCNNNNNNGCCATGATTTTTTTTTTTTTTTTTTTTTTTTTV,1347,200,384,1237,736,764,952,666,2768,2604
LC27,O3,Single cell,#662,,,,,,FL,CTV+,CelSeq2 PAFS,RT1-435,ATTGTGGC,RPI 4,TGACCA,CGATTGAGGCCGGTAATACGACTCACTATAGGGGTTCAGAGTTCTACAGTCCGACGATCNNNNNNATTGTGGCTTTTTTTTTTTTTTTTTTTTTTTTV,1778,153,415,1649,612,2680,1698,1112,2602,2632
LC27,O4,Single cell,#662,,,,,,FL,CTV+,CelSeq2 PAFS,RT1-436,AGCACTTG,RPI 4,TGACCA,CGATTGAGGCCGGTAATACGACTCACTATAGGGGTTCAGAGTTCTACAGTCCGACGATCNNNNNNAGCACTTGTTTTTTTTTTTTTTTTTTTTTTTTV,2508,748,1676,1551,831,2915,1556,1306,2452,2408
LC27,O5,Single cell,#662,,,,,,FL,CTV+,CelSeq2 PAFS,RT1-437,TCACACGA,RPI 4,TGACCA,CGATTGAGGCCGGTAATACGACTCACTATAGGGGTTCAGAGTTCTACAGTCCGACGATCNNNNNNTCACACGATTTTTTTTTTTTTTTTTTTTTTTTV,1767,815,1017,1571,1059,2739,1487,884,2506,2613
LC27,O6,Single cell,#662,,,,,,FL,CTV+,CelSeq2 PAFS,RT1-438,CCACTAAG,RPI 4,TGACCA,CGATTGAGGCCGGTAATACGACTCACTATAGGGGTTCAGAGTTCTACAGTCCGACGATCNNNNNNCCACTAAGTTTTTTTTTTTTTTTTTTTTTTTTV,1836,374,1625,1615,712,2750,1460,1130,2493,2527
LC27,O7,Single cell,#662,,,,,,FL,CTV+,CelSeq2 PAFS,RT1-439,TACCGTGA,RPI 4,TGACCA,CGATTGAGGCCGGTAATACGACTCACTATAGGGGTTCAGAGTTCTACAGTCCGACGATCNNNNNNTACCGTGATTTTTTTTTTTTTTTTTTTTTTTTV,2350,1153,1487,1398,451,2678,1314,1219,2302,2290
LC27,O8,Single cell,#662,,,,,,FL,CTV+,CelSeq2 PAFS,RT1-440,GCCATCAA,RPI 4,TGACCA,CGATTGAGGCCGGTAATACGACTCACTATAGGGGTTCAGAGTTCTACAGTCCGACGATCNNNNNNGCCATCAATTTTTTTTTTTTTTTTTTTTTTTTV,2207,1034,671,1222,506,2695,0,931,2330,2391
LC27,O10,Single cell,#662,,,,,,FL,CTV+,CelSeq2 PAFS,RT1-442,GGTCCAAT,RPI 4,TGACCA,CGATTGAGGCCGGTAATACGACTCACTATAGGGGTTCAGAGTTCTACAGTCCGACGATCNNNNNNGGTCCAATTTTTTTTTTTTTTTTTTTTTTTTTV,1847,306,1098,1447,624,2608,245,657,2525,2573
LC27,O11,Single cell,#662,,,,,,FL,CTV+,CelSeq2 PAFS,RT1-443,GTGAGTTC,RPI 4,TGACCA,CGATTGAGGCCGGTAATACGACTCACTATAGGGGTTCAGAGTTCTACAGTCCGACGATCNNNNNNGTGAGTTCTTTTTTTTTTTTTTTTTTTTTTTTV,1866,651,705,904,742,1215,1242,1134,2187,2487
LC27,O12,Single cell,#662,,,,,,FL,CTV+,CelSeq2 PAFS,RT1-444,ATGGTCCA,RPI 4,TGACCA,CGATTGAGGCCGGTAATACGACTCACTATAGGGGTTCAGAGTTCTACAGTCCGACGATCNNNNNNATGGTCCATTTTTTTTTTTTTTTTTTTTTTTTV,1311,319,688,800,613,1682,318,999,2109,2018
LC27,O13,Single cell,#663,,,,,,FL,CTV+,CelSeq2 PAFS,RT1-445,GGAAGAAG,RPI 4,TGACCA,CGATTGAGGCCGGTAATACGACTCACTATAGGGGTTCAGAGTTCTACAGTCCGACGATCNNNNNNGGAAGAAGTTTTTTTTTTTTTTTTTTTTTTTTV,1585,512,980,1043,570,1521,839,646,2044,1936
LC27,O14,Single cell,#663,,,,,,FL,CTV+,CelSeq2 PAFS,RT1-446,GAGACCTT,RPI 4,TGACCA,CGATTGAGGCCGGTAATACGACTCACTATAGGGGTTCAGAGTTCTACAGTCCGACGATCNNNNNNGAGACCTTTTTTTTTTTTTTTTTTTTTTTTTTV,2330,501,1498,761,669,2313,910,548,1820,1569
LC27,O15,Single cell,#663,,,,,,FL,CTV+,CelSeq2 PAFS,RT1-447,AGCTCATG,RPI 4,TGACCA,CGATTGAGGCCGGTAATACGACTCACTATAGGGGTTCAGAGTTCTACAGTCCGACGATCNNNNNNAGCTCATGTTTTTTTTTTTTTTTTTTTTTTTTV,1737,357,844,738,618,884,1054,974,1896,1578
LC27,O16,Single cell,#663,,,,,,FL,CTV+,CelSeq2 PAFS,RT1-448,CTCACAGA,RPI 4,TGACCA,CGATTGAGGCCGGTAATACGACTCACTATAGGGGTTCAGAGTTCTACAGTCCGACGATCNNNNNNCTCACAGATTTTTTTTTTTTTTTTTTTTTTTTV,1575,98,1194,1560,1129,2081,530,1183,2341,2183
LC27,O17,Single cell,#663,,,,,,FL,CTV+,CelSeq2 PAFS,RT1-449,GAATCCAC,RPI 4,TGACCA,CGATTGAGGCCGGTAATACGACTCACTATAGGGGTTCAGAGTTCTACAGTCCGACGATCNNNNNNGAATCCACTTTTTTTTTTTTTTTTTTTTTTTTV,1315,693,721,1383,541,1716,1098,846,2010,2353
LC27,O18,Single cell,#663,,,,,,FL,CTV+,CelSeq2 PAFS,RT1-450,CGTCGATA,RPI 4,TGACCA,CGATTGAGGCCGGTAATACGACTCACTATAGGGGTTCAGAGTTCTACAGTCCGACGATCNNNNNNCGTCGATATTTTTTTTTTTTTTTTTTTTTTTTV,1866,334,999,1191,454,1150,573,421,1800,2076
LC27,O19,Single cell,#663,,,,,,FL,CTV+,CelSeq2 PAFS,RT1-451,TCCAGTGA,RPI 4,TGACCA,CGATTGAGGCCGGTAATACGACTCACTATAGGGGTTCAGAGTTCTACAGTCCGACGATCNNNNNNTCCAGTGATTTTTTTTTTTTTTTTTTTTTTTTV,1560,1078,1000,1315,658,1041,110,1104,2050,2271
LC27,O20,Single cell,#663,,,,,,FL,CTV+,CelSeq2 PAFS,RT1-452,CGCAATAC,RPI 4,TGACCA,CGATTGAGGCCGGTAATACGACTCACTATAGGGGTTCAGAGTTCTACAGTCCGACGATCNNNNNNCGCAATACTTTTTTTTTTTTTTTTTTTTTTTTV,1628,408,737,707,717,758,1107,1941,2118,2500
LC27,O21,Single cell,#663,,,,,,FL,CTV+,CelSeq2 PAFS,RT1-453,AGTGTCTG,RPI 4,TGACCA,CGATTGAGGCCGGTAATACGACTCACTATAGGGGTTCAGAGTTCTACAGTCCGACGATCNNNNNNAGTGTCTGTTTTTTTTTTTTTTTTTTTTTTTTV,1516,395,833,378,555,762,752,820,1754,1986
LC27,O22,Single cell,#663,,,,,,FL,CTV+,CelSeq2 PAFS,RT1-454,CAACTAGC,RPI 4,TGACCA,CGATTGAGGCCGGTAATACGACTCACTATAGGGGTTCAGAGTTCTACAGTCCGACGATCNNNNNNCAACTAGCTTTTTTTTTTTTTTTTTTTTTTTTV,1929,613,1192,1245,1172,1756,1226,613,2183,2026
LC27,O23,Single cell,#663,,,,,,FL,CTV+,CelSeq2 PAFS,RT1-455,ATACCACG,RPI 4,TGACCA,CGATTGAGGCCGGTAATACGACTCACTATAGGGGTTCAGAGTTCTACAGTCCGACGATCNNNNNNATACCACGTTTTTTTTTTTTTTTTTTTTTTTTV,1766,556,801,1591,727,2042,1400,635,2414,2287
,P1,HPR - empty,,,,,,,,,,No primer,,,,HPR control,,,,,,,,,,
,P2,HPR - empty,,,,,,,,,,No primer,,,,HPR control,,,,,,,,,,
LC27,P3,Single cell,#662,,,,,,FL,CTV+,CelSeq2 PAFS,RT1-459,ACGCCATA,RPI 4,TGACCA,CGATTGAGGCCGGTAATACGACTCACTATAGGGGTTCAGAGTTCTACAGTCCGACGATCNNNNNNACGCCATATTTTTTTTTTTTTTTTTTTTTTTTV,1981,372,829,1018,490,2655,1792,757,2213,2323
LC27,P4,Single cell,#662,,,,,,FL,CTV+,CelSeq2 PAFS,RT1-460,TACAGCGT,RPI 4,TGACCA,CGATTGAGGCCGGTAATACGACTCACTATAGGGGTTCAGAGTTCTACAGTCCGACGATCNNNNNNTACAGCGTTTTTTTTTTTTTTTTTTTTTTTTTV,1573,238,584,809,590,1747,736,678,2092,2165
LC27,P5,Single cell,#662,,,,,,FL,CTV+,CelSeq2 PAFS,RT1-461,GGTGATTC,RPI 4,TGACCA,CGATTGAGGCCGGTAATACGACTCACTATAGGGGTTCAGAGTTCTACAGTCCGACGATCNNNNNNGGTGATTCTTTTTTTTTTTTTTTTTTTTTTTTV,1319,239,1043,926,970,1261,2183,1254,2101,2267
LC27,P6,Single cell,#662,,,,,,FL,CTV+,CelSeq2 PAFS,RT1-462,TAGGCCAT,RPI 4,TGACCA,CGATTGAGGCCGGTAATACGACTCACTATAGGGGTTCAGAGTTCTACAGTCCGACGATCNNNNNNTAGGCCATTTTTTTTTTTTTTTTTTTTTTTTTV,1361,142,702,461,809,958,320,1418,1760,2280
LC27,P7,Single cell,#662,,,,,,FL,CTV+,CelSeq2 PAFS,RT1-463,TGCAGACT,RPI 4,TGACCA,CGATTGAGGCCGGTAATACGACTCACTATAGGGGTTCAGAGTTCTACAGTCCGACGATCNNNNNNTGCAGACTTTTTTTTTTTTTTTTTTTTTTTTTV,2115,161,464,1522,758,2321,1100,796,2486,2464
LC27,P8,Single cell,#662,,,,,,FL,CTV+,CelSeq2 PAFS,RT1-464,GAGAGAAG,RPI 4,TGACCA,CGATTGAGGCCGGTAATACGACTCACTATAGGGGTTCAGAGTTCTACAGTCCGACGATCNNNNNNGAGAGAAGTTTTTTTTTTTTTTTTTTTTTTTTV,2522,569,1036,1617,712,2768,0,982,2458,2458
LC27,P9,Single cell,#662,,,,,,FL,CTV+,CelSeq2 PAFS,RT1-465,CTACGAAC,RPI 4,TGACCA,CGATTGAGGCCGGTAATACGACTCACTATAGGGGTTCAGAGTTCTACAGTCCGACGATCNNNNNNCTACGAACTTTTTTTTTTTTTTTTTTTTTTTTV,1610,619,695,1163,651,1195,450,959,2470,2491
LC27,P10,Single cell,#662,,,,,,FL,CTV+,CelSeq2 PAFS,RT1-466,AACACCAC,RPI 4,TGACCA,CGATTGAGGCCGGTAATACGACTCACTATAGGGGTTCAGAGTTCTACAGTCCGACGATCNNNNNNAACACCACTTTTTTTTTTTTTTTTTTTTTTTTV,1585,485,589,1139,662,1238,0,806,2512,2550
LC27,P11,Single cell,#662,,,,,,FL,CTV+,CelSeq2 PAFS,RT1-467,ACGTATCG,RPI 4,TGACCA,CGATTGAGGCCGGTAATACGACTCACTATAGGGGTTCAGAGTTCTACAGTCCGACGATCNNNNNNACGTATCGTTTTTTTTTTTTTTTTTTTTTTTTV,1329,599,674,835,591,980,620,431,2574,2506
LC27,P12,Single cell,#662,,,,,,FL,CTV+,CelSeq2 PAFS,RT1-468,ACACTCGA,RPI 4,TGACCA,CGATTGAGGCCGGTAATACGACTCACTATAGGGGTTCAGAGTTCTACAGTCCGACGATCNNNNNNACACTCGATTTTTTTTTTTTTTTTTTTTTTTTV,1543,432,692,1291,619,1174,0,751,2854,2600
LC27,P13,Single cell,#663,,,,,,FL,CTV+,CelSeq2 PAFS,RT1-469,GTACATCG,RPI 4,TGACCA,CGATTGAGGCCGGTAATACGACTCACTATAGGGGTTCAGAGTTCTACAGTCCGACGATCNNNNNNGTACATCGTTTTTTTTTTTTTTTTTTTTTTTTV,1363,202,831,951,731,2108,976,1232,2325,2278
LC27,P14,Single cell,#663,,,,,,FL,CTV+,CelSeq2 PAFS,RT1-470,GCTTGATG,RPI 4,TGACCA,CGATTGAGGCCGGTAATACGACTCACTATAGGGGTTCAGAGTTCTACAGTCCGACGATCNNNNNNGCTTGATGTTTTTTTTTTTTTTTTTTTTTTTTV,1350,640,762,1424,576,1483,744,988,2086,1943
LC27,P15,Single cell,#663,,,,,,FL,CTV+,CelSeq2 PAFS,RT1-471,TCGAGACT,RPI 4,TGACCA,CGATTGAGGCCGGTAATACGACTCACTATAGGGGTTCAGAGTTCTACAGTCCGACGATCNNNNNNTCGAGACTTTTTTTTTTTTTTTTTTTTTTTTTV,2260,797,878,954,539,2330,0,1726,2578,2708
LC27,P16,Single cell,#663,,,,,,FL,CTV+,CelSeq2 PAFS,RT1-472,CTGGTATG,RPI 4,TGACCA,CGATTGAGGCCGGTAATACGACTCACTATAGGGGTTCAGAGTTCTACAGTCCGACGATCNNNNNNCTGGTATGTTTTTTTTTTTTTTTTTTTTTTTTV,2153,892,311,561,704,847,1286,801,2331,2753
LC27,P17,Single cell,#663,,,,,,FL,CTV+,CelSeq2 PAFS,RT1-473,GTCACGTA,RPI 4,TGACCA,CGATTGAGGCCGGTAATACGACTCACTATAGGGGTTCAGAGTTCTACAGTCCGACGATCNNNNNNGTCACGTATTTTTTTTTTTTTTTTTTTTTTTTV,1448,429,859,1323,795,1055,1371,839,2282,2051
LC27,P18,Single cell,#663,,,,,,FL,CTV+,CelSeq2 PAFS,RT1-474,ACGTGTGT,RPI 4,TGACCA,CGATTGAGGCCGGTAATACGACTCACTATAGGGGTTCAGAGTTCTACAGTCCGACGATCNNNNNNACGTGTGTTTTTTTTTTTTTTTTTTTTTTTTTV,1564,615,850,670,512,835,398,1362,1974,2283
LC27,P19,Single cell,#663,,,,,,FL,CTV+,CelSeq2 PAFS,RT1-475,TCAGCGTA,RPI 4,TGACCA,CGATTGAGGCCGGTAATACGACTCACTATAGGGGTTCAGAGTTCTACAGTCCGACGATCNNNNNNTCAGCGTATTTTTTTTTTTTTTTTTTTTTTTTV,1489,226,899,1299,941,1658,0,1081,2475,2326
LC27,P20,Single cell,#663,,,,,,FL,CTV+,CelSeq2 PAFS,RT1-476,AGAAGAGG,RPI 4,TGACCA,CGATTGAGGCCGGTAATACGACTCACTATAGGGGTTCAGAGTTCTACAGTCCGACGATCNNNNNNAGAAGAGGTTTTTTTTTTTTTTTTTTTTTTTTV,1589,445,814,862,693,2106,244,1007,1548,2318